lead_id,created_at,channel,agency_size,lead_score,setter_id,closer_id
L-10000,2025-05-07 00:00:00,TikTok,Solo,3,Setter C,Closer B
L-10001,2025-06-24 00:00:00,Meta,2-5 agents,8,Setter B,Closer B
L-10002,2025-06-13 00:00:00,Cold Outreach,6-15 agents,6,Setter A,Closer A
L-10003,2025-05-08 00:00:00,LinkedIn,16+ agents,10,Setter C,Closer D
L-10004,2025-05-29 00:00:00,TikTok,6-15 agents,5,Setter A,Closer D
L-10005,2025-06-27 00:00:00,Cold Outreach,2-5 agents,7,Setter C,Closer B
L-10006,2025-02-04 00:00:00,Google Search,2-5 agents,4,Setter A,Closer C
L-10007,2025-03-14 00:00:00,Meta,6-15 agents,7,Setter B,Closer C
L-10008,2025-06-11 00:00:00,Meta,6-15 agents,3,Setter A,Closer B
L-10009,2025-06-14 00:00:00,Meta,6-15 agents,4,Setter B,Closer A
L-10010,2025-06-21 00:00:00,Cold Outreach,Solo,3,Setter A,Closer A
L-10011,2025-04-30 00:00:00,LinkedIn,16+ agents,8,Setter B,Closer A
L-10012,2025-04-24 00:00:00,Referral,Solo,10,Setter B,Closer D
L-10013,2025-01-15 00:00:00,Google Search,Solo,5,Setter B,Closer D
L-10014,2025-04-17 00:00:00,Meta,16+ agents,4,Setter A,Closer D
L-10015,2025-04-12 00:00:00,Meta,2-5 agents,5,Setter A,Closer C
L-10016,2025-03-22 00:00:00,Cold Outreach,Solo,3,Setter A,Closer D
L-10017,2025-05-11 00:00:00,Meta,16+ agents,5,Setter B,Closer C
L-10018,2025-06-23 00:00:00,Google Search,2-5 agents,6,Setter C,Closer B
L-10019,2025-02-21 00:00:00,Google Search,Solo,5,Setter C,Closer A
L-10020,2025-05-25 00:00:00,Cold Outreach,Solo,7,Setter A,Closer D
L-10021,2025-04-06 00:00:00,Cold Outreach,16+ agents,8,Setter B,Closer A
L-10022,2025-02-02 00:00:00,Cold Outreach,16+ agents,6,Setter A,Closer A
L-10023,2025-03-23 00:00:00,TikTok,2-5 agents,3,Setter A,Closer B
L-10024,2025-06-06 00:00:00,TikTok,16+ agents,5,Setter A,Closer B
L-10025,2025-05-29 00:00:00,Meta,6-15 agents,3,Setter C,Closer B
L-10026,2025-04-28 00:00:00,Meta,16+ agents,7,Setter B,Closer B
L-10027,2025-03-31 00:00:00,Cold Outreach,16+ agents,3,Setter C,Closer B
L-10028,2025-05-15 00:00:00,Meta,16+ agents,4,Setter B,Closer B
L-10029,2025-06-01 00:00:00,Meta,16+ agents,4,Setter A,Closer A
L-10030,2025-02-03 00:00:00,TikTok,2-5 agents,1,Setter A,Closer B
L-10031,2025-05-26 00:00:00,Meta,16+ agents,5,Setter C,Closer C
L-10032,2025-03-08 00:00:00,Meta,2-5 agents,3,Setter C,Closer B
L-10033,2025-03-23 00:00:00,LinkedIn,Solo,9,Setter B,Closer D
L-10034,2025-06-14 00:00:00,Google Search,16+ agents,3,Setter A,Closer B
L-10035,2025-03-03 00:00:00,Meta,6-15 agents,4,Setter B,Closer A
L-10036,2025-04-27 00:00:00,Referral,2-5 agents,8,Setter B,Closer A
L-10037,2025-06-12 00:00:00,Google Search,Solo,5,Setter B,Closer D
L-10038,2025-03-30 00:00:00,Cold Outreach,2-5 agents,3,Setter C,Closer D
L-10039,2025-02-25 00:00:00,Google Search,Solo,5,Setter C,Closer B
L-10040,2025-06-11 00:00:00,Google Search,2-5 agents,5,Setter A,Closer B
L-10041,2025-06-13 00:00:00,Cold Outreach,16+ agents,7,Setter C,Closer C
L-10042,2025-03-09 00:00:00,TikTok,Solo,2,Setter C,Closer B
L-10043,2025-05-30 00:00:00,Meta,Solo,5,Setter A,Closer B
L-10044,2025-03-07 00:00:00,Cold Outreach,16+ agents,6,Setter A,Closer A
L-10045,2025-03-25 00:00:00,Meta,16+ agents,6,Setter C,Closer A
L-10046,2025-06-18 00:00:00,Meta,Solo,3,Setter C,Closer C
L-10047,2025-02-13 00:00:00,TikTok,6-15 agents,1,Setter B,Closer A
L-10048,2025-02-08 00:00:00,Meta,Solo,8,Setter B,Closer B
L-10049,2025-06-24 00:00:00,Google Search,16+ agents,5,Setter C,Closer C
L-10050,2025-04-12 00:00:00,Meta,6-15 agents,8,Setter A,Closer C
L-10051,2025-05-17 00:00:00,Google Search,6-15 agents,5,Setter A,Closer C
L-10052,2025-02-01 00:00:00,Cold Outreach,6-15 agents,5,Setter B,Closer D
L-10053,2025-03-26 00:00:00,Google Search,Solo,5,Setter B,Closer B
L-10054,2025-02-10 00:00:00,TikTok,6-15 agents,2,Setter C,Closer A
L-10055,2025-03-30 00:00:00,Meta,6-15 agents,3,Setter A,Closer D
L-10056,2025-06-28 00:00:00,Meta,6-15 agents,3,Setter A,Closer A
L-10057,2025-06-06 00:00:00,Google Search,16+ agents,7,Setter A,Closer D
L-10058,2025-04-14 00:00:00,Google Search,16+ agents,8,Setter C,Closer C
L-10059,2025-05-13 00:00:00,Meta,6-15 agents,3,Setter C,Closer B
L-10060,2025-05-13 00:00:00,Google Search,16+ agents,8,Setter A,Closer A
L-10061,2025-01-09 00:00:00,Google Search,Solo,7,Setter B,Closer D
L-10062,2025-06-08 00:00:00,LinkedIn,Solo,9,Setter C,Closer A
L-10063,2025-01-26 00:00:00,Google Search,6-15 agents,4,Setter A,Closer B
L-10064,2025-04-21 00:00:00,Referral,Solo,8,Setter A,Closer B
L-10065,2025-06-17 00:00:00,Meta,2-5 agents,4,Setter A,Closer C
L-10066,2025-05-30 00:00:00,Meta,Solo,4,Setter A,Closer C
L-10067,2025-06-16 00:00:00,Cold Outreach,16+ agents,3,Setter A,Closer C
L-10068,2025-05-05 00:00:00,Meta,6-15 agents,7,Setter C,Closer D
L-10069,2025-04-01 00:00:00,Google Search,Solo,7,Setter C,Closer B
L-10070,2025-05-08 00:00:00,Meta,16+ agents,3,Setter A,Closer D
L-10071,2025-06-05 00:00:00,Cold Outreach,2-5 agents,6,Setter A,Closer A
L-10072,2025-04-27 00:00:00,Meta,16+ agents,4,Setter C,Closer B
L-10073,2025-05-31 00:00:00,TikTok,16+ agents,3,Setter C,Closer D
L-10074,2025-06-17 00:00:00,Google Search,2-5 agents,4,Setter C,Closer A
L-10075,2025-05-13 00:00:00,Meta,2-5 agents,4,Setter B,Closer C
L-10076,2025-05-02 00:00:00,Meta,16+ agents,6,Setter C,Closer A
L-10077,2025-02-22 00:00:00,LinkedIn,Solo,10,Setter C,Closer D
L-10078,2025-04-14 00:00:00,Meta,16+ agents,8,Setter B,Closer D
L-10079,2025-06-10 00:00:00,Google Search,2-5 agents,6,Setter B,Closer B
L-10080,2025-04-30 00:00:00,LinkedIn,16+ agents,8,Setter A,Closer D
L-10081,2025-06-14 00:00:00,LinkedIn,Solo,9,Setter A,Closer D
L-10082,2025-01-15 00:00:00,Cold Outreach,16+ agents,5,Setter A,Closer D
L-10083,2025-04-01 00:00:00,TikTok,2-5 agents,4,Setter C,Closer D
L-10084,2025-05-03 00:00:00,Referral,Solo,10,Setter A,Closer A
L-10085,2025-05-18 00:00:00,Referral,2-5 agents,10,Setter A,Closer A
L-10086,2025-02-01 00:00:00,Google Search,2-5 agents,3,Setter B,Closer A
L-10087,2025-05-27 00:00:00,LinkedIn,2-5 agents,7,Setter B,Closer B
L-10088,2025-05-27 00:00:00,Meta,6-15 agents,5,Setter A,Closer D
L-10089,2025-04-21 00:00:00,Meta,2-5 agents,7,Setter B,Closer A
L-10090,2025-03-12 00:00:00,LinkedIn,2-5 agents,8,Setter A,Closer C
L-10091,2025-03-17 00:00:00,Meta,Solo,6,Setter B,Closer A
L-10092,2025-04-12 00:00:00,Referral,Solo,9,Setter C,Closer D
L-10093,2025-04-25 00:00:00,Meta,Solo,5,Setter C,Closer B
L-10094,2025-03-03 00:00:00,Referral,6-15 agents,9,Setter C,Closer B
L-10095,2025-06-21 00:00:00,TikTok,Solo,4,Setter B,Closer B
L-10096,2025-03-24 00:00:00,Cold Outreach,16+ agents,7,Setter A,Closer C
L-10097,2025-04-30 00:00:00,Meta,6-15 agents,3,Setter A,Closer A
L-10098,2025-06-27 00:00:00,Meta,16+ agents,8,Setter C,Closer D
L-10099,2025-04-06 00:00:00,LinkedIn,16+ agents,10,Setter C,Closer B
L-10100,2025-06-01 00:00:00,LinkedIn,16+ agents,10,Setter C,Closer A
L-10101,2025-03-08 00:00:00,LinkedIn,16+ agents,7,Setter B,Closer A
L-10102,2025-05-26 00:00:00,Meta,16+ agents,4,Setter C,Closer D
L-10103,2025-05-06 00:00:00,Meta,2-5 agents,8,Setter A,Closer B
L-10104,2025-02-14 00:00:00,Meta,16+ agents,5,Setter A,Closer B
L-10105,2025-06-16 00:00:00,LinkedIn,2-5 agents,7,Setter C,Closer D
L-10106,2025-04-22 00:00:00,TikTok,2-5 agents,4,Setter B,Closer D
L-10107,2025-05-25 00:00:00,Google Search,16+ agents,6,Setter A,Closer C
L-10108,2025-05-15 00:00:00,LinkedIn,2-5 agents,9,Setter C,Closer D
L-10109,2025-05-04 00:00:00,Cold Outreach,Solo,6,Setter C,Closer C
L-10110,2025-05-13 00:00:00,Meta,6-15 agents,6,Setter A,Closer A
L-10111,2025-04-20 00:00:00,Meta,Solo,5,Setter B,Closer D
L-10112,2025-06-17 00:00:00,Meta,6-15 agents,3,Setter B,Closer A
L-10113,2025-05-09 00:00:00,Cold Outreach,16+ agents,6,Setter A,Closer D
L-10114,2025-06-29 00:00:00,Meta,16+ agents,7,Setter B,Closer D
L-10115,2025-06-14 00:00:00,Cold Outreach,2-5 agents,6,Setter C,Closer C
L-10116,2025-04-20 00:00:00,Google Search,Solo,5,Setter C,Closer C
L-10117,2025-06-23 00:00:00,Meta,6-15 agents,3,Setter A,Closer B
L-10118,2025-05-20 00:00:00,Google Search,Solo,6,Setter B,Closer C
L-10119,2025-04-30 00:00:00,Meta,2-5 agents,3,Setter C,Closer A
L-10120,2025-01-31 00:00:00,TikTok,Solo,2,Setter C,Closer A
L-10121,2025-05-30 00:00:00,Meta,16+ agents,6,Setter A,Closer B
L-10122,2025-04-13 00:00:00,Meta,6-15 agents,3,Setter C,Closer C
L-10123,2025-05-07 00:00:00,Google Search,16+ agents,3,Setter C,Closer D
L-10124,2025-06-18 00:00:00,Meta,6-15 agents,3,Setter B,Closer C
L-10125,2025-05-01 00:00:00,Meta,6-15 agents,7,Setter A,Closer B
L-10126,2025-04-19 00:00:00,LinkedIn,16+ agents,8,Setter A,Closer B
L-10127,2025-02-20 00:00:00,TikTok,6-15 agents,3,Setter C,Closer B
L-10128,2025-02-02 00:00:00,TikTok,16+ agents,2,Setter A,Closer C
L-10129,2025-06-05 00:00:00,LinkedIn,2-5 agents,7,Setter B,Closer D
L-10130,2025-06-01 00:00:00,Google Search,Solo,6,Setter B,Closer D
L-10131,2025-04-13 00:00:00,TikTok,16+ agents,4,Setter A,Closer C
L-10132,2025-06-24 00:00:00,Meta,2-5 agents,5,Setter C,Closer B
L-10133,2025-06-24 00:00:00,Meta,Solo,4,Setter A,Closer A
L-10134,2025-06-06 00:00:00,Cold Outreach,6-15 agents,3,Setter A,Closer B
L-10135,2025-05-13 00:00:00,Meta,6-15 agents,7,Setter B,Closer D
L-10136,2025-04-26 00:00:00,LinkedIn,Solo,7,Setter C,Closer D
L-10137,2025-05-29 00:00:00,Meta,6-15 agents,4,Setter A,Closer C
L-10138,2025-06-14 00:00:00,LinkedIn,6-15 agents,8,Setter B,Closer D
L-10139,2025-06-29 00:00:00,TikTok,Solo,3,Setter A,Closer D
L-10140,2025-06-09 00:00:00,LinkedIn,6-15 agents,8,Setter B,Closer A
L-10141,2025-05-27 00:00:00,Google Search,Solo,8,Setter C,Closer A
L-10142,2025-06-25 00:00:00,Referral,16+ agents,8,Setter B,Closer C
L-10143,2025-06-13 00:00:00,Google Search,Solo,3,Setter A,Closer A
L-10144,2025-04-22 00:00:00,TikTok,16+ agents,1,Setter B,Closer B
L-10145,2025-05-17 00:00:00,LinkedIn,6-15 agents,7,Setter A,Closer D
L-10146,2025-06-10 00:00:00,Google Search,6-15 agents,4,Setter A,Closer A
L-10147,2025-05-28 00:00:00,Meta,Solo,4,Setter B,Closer A
L-10148,2025-06-20 00:00:00,LinkedIn,16+ agents,9,Setter A,Closer B
L-10149,2025-05-04 00:00:00,LinkedIn,Solo,10,Setter A,Closer D
L-10150,2025-05-21 00:00:00,LinkedIn,2-5 agents,8,Setter B,Closer D
L-10151,2025-06-20 00:00:00,Cold Outreach,Solo,6,Setter B,Closer C
L-10152,2025-02-18 00:00:00,Google Search,16+ agents,4,Setter B,Closer C
L-10153,2025-06-17 00:00:00,Referral,6-15 agents,10,Setter A,Closer A
L-10154,2025-05-25 00:00:00,Meta,16+ agents,3,Setter B,Closer A
L-10155,2025-06-13 00:00:00,LinkedIn,16+ agents,7,Setter B,Closer A
L-10156,2025-03-22 00:00:00,Meta,16+ agents,6,Setter A,Closer B
L-10157,2025-02-05 00:00:00,Meta,2-5 agents,8,Setter C,Closer D
L-10158,2025-05-28 00:00:00,Google Search,Solo,6,Setter B,Closer D
L-10159,2025-06-02 00:00:00,Referral,16+ agents,10,Setter C,Closer A
L-10160,2025-06-19 00:00:00,TikTok,Solo,3,Setter A,Closer A
L-10161,2025-06-21 00:00:00,Meta,Solo,5,Setter B,Closer B
L-10162,2025-06-06 00:00:00,Meta,2-5 agents,5,Setter A,Closer D
L-10163,2025-06-09 00:00:00,Google Search,2-5 agents,5,Setter C,Closer B
L-10164,2025-01-25 00:00:00,Meta,Solo,6,Setter A,Closer A
L-10165,2025-06-26 00:00:00,Meta,2-5 agents,4,Setter B,Closer B
L-10166,2025-04-16 00:00:00,TikTok,Solo,5,Setter C,Closer A
L-10167,2025-05-26 00:00:00,Meta,2-5 agents,7,Setter C,Closer B
L-10168,2025-06-09 00:00:00,Google Search,16+ agents,4,Setter C,Closer A
L-10169,2025-06-07 00:00:00,Meta,Solo,5,Setter B,Closer D
L-10170,2025-04-21 00:00:00,Meta,2-5 agents,5,Setter A,Closer B
L-10171,2025-06-18 00:00:00,TikTok,2-5 agents,1,Setter A,Closer A
L-10172,2025-06-17 00:00:00,Cold Outreach,Solo,6,Setter C,Closer C
L-10173,2025-02-27 00:00:00,Meta,Solo,5,Setter A,Closer B
L-10174,2025-05-06 00:00:00,Referral,Solo,9,Setter A,Closer A
L-10175,2025-03-27 00:00:00,Google Search,6-15 agents,3,Setter B,Closer D
L-10176,2025-06-08 00:00:00,Meta,Solo,3,Setter B,Closer D
L-10177,2025-06-21 00:00:00,Meta,2-5 agents,5,Setter A,Closer B
L-10178,2025-04-05 00:00:00,Google Search,2-5 agents,4,Setter B,Closer D
L-10179,2025-02-04 00:00:00,TikTok,16+ agents,3,Setter A,Closer D
L-10180,2025-03-01 00:00:00,LinkedIn,16+ agents,8,Setter B,Closer A
L-10181,2025-04-17 00:00:00,Meta,16+ agents,8,Setter C,Closer D
L-10182,2025-06-11 00:00:00,Meta,Solo,3,Setter C,Closer D
L-10183,2025-05-13 00:00:00,Cold Outreach,16+ agents,3,Setter B,Closer D
L-10184,2025-02-01 00:00:00,Meta,6-15 agents,6,Setter C,Closer A
L-10185,2025-02-23 00:00:00,Meta,2-5 agents,7,Setter C,Closer C
L-10186,2025-05-09 00:00:00,LinkedIn,16+ agents,8,Setter C,Closer C
L-10187,2025-03-09 00:00:00,Meta,2-5 agents,6,Setter B,Closer B
L-10188,2025-06-22 00:00:00,Google Search,16+ agents,7,Setter A,Closer A
L-10189,2025-04-27 00:00:00,LinkedIn,2-5 agents,7,Setter A,Closer D
L-10190,2025-03-06 00:00:00,TikTok,16+ agents,5,Setter A,Closer D
L-10191,2025-05-01 00:00:00,Meta,2-5 agents,7,Setter B,Closer C
L-10192,2025-06-28 00:00:00,TikTok,6-15 agents,4,Setter B,Closer C
L-10193,2025-04-24 00:00:00,Meta,16+ agents,7,Setter B,Closer B
L-10194,2025-05-07 00:00:00,Meta,6-15 agents,7,Setter C,Closer D
L-10195,2025-04-10 00:00:00,Meta,6-15 agents,8,Setter A,Closer A
L-10196,2025-04-03 00:00:00,Google Search,16+ agents,8,Setter C,Closer B
L-10197,2025-04-09 00:00:00,Cold Outreach,6-15 agents,5,Setter B,Closer A
L-10198,2025-03-29 00:00:00,Meta,6-15 agents,3,Setter B,Closer D
L-10199,2025-05-25 00:00:00,Google Search,2-5 agents,6,Setter C,Closer B
L-10200,2025-05-02 00:00:00,Meta,16+ agents,7,Setter A,Closer D
L-10201,2025-01-28 00:00:00,Google Search,16+ agents,5,Setter A,Closer C
L-10202,2025-04-25 00:00:00,Meta,16+ agents,3,Setter C,Closer B
L-10203,2025-03-25 00:00:00,Google Search,16+ agents,4,Setter B,Closer B
L-10204,2025-02-21 00:00:00,Meta,Solo,7,Setter B,Closer D
L-10205,2025-04-13 00:00:00,LinkedIn,2-5 agents,8,Setter C,Closer B
L-10206,2025-04-21 00:00:00,LinkedIn,6-15 agents,7,Setter A,Closer A
L-10207,2025-04-07 00:00:00,LinkedIn,2-5 agents,10,Setter A,Closer A
L-10208,2025-05-24 00:00:00,TikTok,2-5 agents,1,Setter C,Closer C
L-10209,2025-05-07 00:00:00,TikTok,Solo,3,Setter A,Closer A
L-10210,2025-04-05 00:00:00,LinkedIn,16+ agents,10,Setter A,Closer A
L-10211,2025-03-01 00:00:00,Cold Outreach,2-5 agents,7,Setter C,Closer A
L-10212,2025-04-03 00:00:00,Google Search,2-5 agents,7,Setter C,Closer A
L-10213,2025-04-30 00:00:00,TikTok,16+ agents,2,Setter B,Closer A
L-10214,2025-04-13 00:00:00,Cold Outreach,2-5 agents,5,Setter C,Closer A
L-10215,2025-06-13 00:00:00,Google Search,6-15 agents,4,Setter C,Closer D
L-10216,2025-04-24 00:00:00,Cold Outreach,Solo,3,Setter C,Closer D
L-10217,2025-05-29 00:00:00,Google Search,Solo,5,Setter A,Closer C
L-10218,2025-06-04 00:00:00,Google Search,2-5 agents,8,Setter C,Closer B
L-10219,2025-05-22 00:00:00,Meta,2-5 agents,4,Setter C,Closer A
L-10220,2025-05-23 00:00:00,TikTok,2-5 agents,3,Setter B,Closer C
L-10221,2025-06-17 00:00:00,Cold Outreach,Solo,4,Setter C,Closer A
L-10222,2025-02-27 00:00:00,Cold Outreach,16+ agents,5,Setter A,Closer D
L-10223,2025-06-21 00:00:00,Cold Outreach,Solo,6,Setter B,Closer C
L-10224,2025-06-26 00:00:00,LinkedIn,6-15 agents,8,Setter A,Closer A
L-10225,2025-04-05 00:00:00,TikTok,6-15 agents,4,Setter C,Closer B
L-10226,2025-05-24 00:00:00,Google Search,Solo,6,Setter A,Closer D
L-10227,2025-04-29 00:00:00,Google Search,Solo,4,Setter B,Closer B
L-10228,2025-04-15 00:00:00,LinkedIn,6-15 agents,7,Setter B,Closer B
L-10229,2025-05-29 00:00:00,Meta,16+ agents,4,Setter B,Closer D
L-10230,2025-05-16 00:00:00,Meta,2-5 agents,4,Setter A,Closer D
L-10231,2025-06-29 00:00:00,Meta,2-5 agents,3,Setter A,Closer A
L-10232,2025-04-21 00:00:00,Meta,Solo,4,Setter B,Closer D
L-10233,2025-06-21 00:00:00,Google Search,2-5 agents,3,Setter B,Closer A
L-10234,2025-03-31 00:00:00,TikTok,6-15 agents,5,Setter C,Closer A
L-10235,2025-06-27 00:00:00,TikTok,16+ agents,1,Setter C,Closer B
L-10236,2025-06-17 00:00:00,Meta,Solo,3,Setter C,Closer D
L-10237,2025-01-23 00:00:00,Meta,6-15 agents,4,Setter B,Closer C
L-10238,2025-03-30 00:00:00,Meta,2-5 agents,3,Setter A,Closer A
L-10239,2025-06-08 00:00:00,TikTok,2-5 agents,4,Setter A,Closer A
L-10240,2025-04-18 00:00:00,Meta,Solo,6,Setter A,Closer C
L-10241,2025-02-16 00:00:00,Meta,2-5 agents,4,Setter A,Closer C
L-10242,2025-05-27 00:00:00,Meta,6-15 agents,8,Setter B,Closer C
L-10243,2025-03-28 00:00:00,Cold Outreach,Solo,5,Setter A,Closer C
L-10244,2025-06-04 00:00:00,Cold Outreach,6-15 agents,3,Setter B,Closer C
L-10245,2025-02-14 00:00:00,Meta,2-5 agents,5,Setter A,Closer D
L-10246,2025-06-25 00:00:00,Google Search,6-15 agents,8,Setter A,Closer C
L-10247,2025-04-30 00:00:00,LinkedIn,6-15 agents,10,Setter A,Closer A
L-10248,2025-02-09 00:00:00,Google Search,16+ agents,6,Setter B,Closer C
L-10249,2025-03-09 00:00:00,Meta,Solo,5,Setter C,Closer B
L-10250,2025-03-08 00:00:00,LinkedIn,6-15 agents,10,Setter A,Closer D
L-10251,2025-05-06 00:00:00,Google Search,16+ agents,6,Setter A,Closer C
L-10252,2025-06-10 00:00:00,Meta,Solo,4,Setter A,Closer A
L-10253,2025-04-19 00:00:00,Meta,16+ agents,4,Setter C,Closer D
L-10254,2025-06-22 00:00:00,TikTok,2-5 agents,3,Setter B,Closer B
L-10255,2025-04-05 00:00:00,TikTok,16+ agents,5,Setter C,Closer C
L-10256,2025-05-09 00:00:00,TikTok,16+ agents,2,Setter B,Closer C
L-10257,2025-05-26 00:00:00,Meta,16+ agents,7,Setter A,Closer A
L-10258,2025-06-25 00:00:00,Meta,Solo,7,Setter B,Closer D
L-10259,2025-04-19 00:00:00,LinkedIn,2-5 agents,8,Setter A,Closer C
L-10260,2025-05-29 00:00:00,TikTok,16+ agents,1,Setter B,Closer A
L-10261,2025-05-04 00:00:00,Meta,6-15 agents,7,Setter C,Closer D
L-10262,2025-04-22 00:00:00,Meta,2-5 agents,7,Setter B,Closer C
L-10263,2025-01-25 00:00:00,Referral,6-15 agents,9,Setter C,Closer B
L-10264,2025-02-05 00:00:00,Cold Outreach,Solo,4,Setter C,Closer D
L-10265,2025-04-29 00:00:00,Google Search,6-15 agents,5,Setter B,Closer B
L-10266,2025-05-11 00:00:00,Meta,6-15 agents,3,Setter C,Closer C
L-10267,2025-06-20 00:00:00,Google Search,16+ agents,3,Setter B,Closer B
L-10268,2025-06-17 00:00:00,LinkedIn,6-15 agents,7,Setter A,Closer B
L-10269,2025-04-19 00:00:00,Google Search,6-15 agents,5,Setter B,Closer A
L-10270,2025-03-21 00:00:00,Meta,Solo,7,Setter A,Closer D
L-10271,2025-06-09 00:00:00,Google Search,2-5 agents,4,Setter A,Closer B
L-10272,2025-01-23 00:00:00,Google Search,6-15 agents,8,Setter C,Closer B
L-10273,2025-06-21 00:00:00,TikTok,16+ agents,4,Setter A,Closer A
L-10274,2025-02-27 00:00:00,LinkedIn,6-15 agents,7,Setter B,Closer D
L-10275,2025-04-20 00:00:00,Meta,Solo,8,Setter B,Closer C
L-10276,2025-02-22 00:00:00,Google Search,16+ agents,7,Setter A,Closer A
L-10277,2025-03-27 00:00:00,TikTok,6-15 agents,2,Setter A,Closer A
L-10278,2025-06-22 00:00:00,Meta,16+ agents,8,Setter C,Closer C
L-10279,2025-05-08 00:00:00,TikTok,16+ agents,5,Setter A,Closer A
L-10280,2025-05-16 00:00:00,Meta,6-15 agents,5,Setter C,Closer B
L-10281,2025-05-20 00:00:00,Cold Outreach,2-5 agents,8,Setter C,Closer A
L-10282,2025-06-16 00:00:00,TikTok,6-15 agents,4,Setter B,Closer B
L-10283,2025-05-27 00:00:00,TikTok,Solo,3,Setter C,Closer B
L-10284,2025-04-23 00:00:00,Google Search,Solo,4,Setter C,Closer A
L-10285,2025-06-13 00:00:00,Meta,16+ agents,6,Setter B,Closer B
L-10286,2025-06-09 00:00:00,Google Search,6-15 agents,7,Setter B,Closer D
L-10287,2025-06-06 00:00:00,Meta,Solo,3,Setter A,Closer C
L-10288,2025-04-14 00:00:00,Cold Outreach,2-5 agents,7,Setter C,Closer B
L-10289,2025-03-02 00:00:00,Meta,16+ agents,4,Setter A,Closer D
L-10290,2025-04-25 00:00:00,Meta,16+ agents,3,Setter A,Closer D
L-10291,2025-06-22 00:00:00,LinkedIn,16+ agents,10,Setter C,Closer C
L-10292,2025-03-31 00:00:00,Meta,16+ agents,5,Setter A,Closer D
L-10293,2025-05-27 00:00:00,Google Search,16+ agents,7,Setter A,Closer A
L-10294,2025-04-17 00:00:00,Meta,16+ agents,5,Setter C,Closer C
L-10295,2025-04-21 00:00:00,Google Search,Solo,7,Setter C,Closer D
L-10296,2025-02-17 00:00:00,LinkedIn,2-5 agents,8,Setter A,Closer D
L-10297,2025-04-10 00:00:00,Meta,Solo,8,Setter B,Closer A
L-10298,2025-03-10 00:00:00,Referral,Solo,10,Setter B,Closer C
L-10299,2025-02-26 00:00:00,Google Search,2-5 agents,8,Setter C,Closer D
L-10300,2025-05-16 00:00:00,TikTok,16+ agents,4,Setter A,Closer D
L-10301,2025-06-15 00:00:00,Meta,16+ agents,4,Setter B,Closer C
L-10302,2025-04-20 00:00:00,Meta,2-5 agents,3,Setter C,Closer D
L-10303,2025-01-28 00:00:00,Google Search,Solo,7,Setter A,Closer A
L-10304,2025-04-04 00:00:00,Google Search,6-15 agents,4,Setter B,Closer A
L-10305,2025-04-24 00:00:00,Meta,16+ agents,4,Setter A,Closer A
L-10306,2025-06-07 00:00:00,TikTok,16+ agents,2,Setter C,Closer A
L-10307,2025-05-24 00:00:00,TikTok,16+ agents,3,Setter B,Closer A
L-10308,2025-03-23 00:00:00,Cold Outreach,2-5 agents,6,Setter A,Closer A
L-10309,2025-05-22 00:00:00,Google Search,6-15 agents,5,Setter A,Closer B
L-10310,2025-06-14 00:00:00,Google Search,16+ agents,3,Setter B,Closer A
L-10311,2025-06-01 00:00:00,LinkedIn,6-15 agents,7,Setter B,Closer D
L-10312,2025-03-07 00:00:00,TikTok,2-5 agents,1,Setter C,Closer A
L-10313,2025-04-30 00:00:00,TikTok,16+ agents,3,Setter C,Closer C
L-10314,2025-06-14 00:00:00,Meta,Solo,7,Setter C,Closer C
L-10315,2025-06-25 00:00:00,Meta,6-15 agents,8,Setter A,Closer B
L-10316,2025-01-29 00:00:00,LinkedIn,6-15 agents,10,Setter B,Closer B
L-10317,2025-05-21 00:00:00,TikTok,2-5 agents,1,Setter A,Closer D
L-10318,2025-04-30 00:00:00,Referral,2-5 agents,9,Setter C,Closer C
L-10319,2025-05-06 00:00:00,Meta,2-5 agents,7,Setter C,Closer A
L-10320,2025-04-18 00:00:00,TikTok,16+ agents,2,Setter C,Closer A
L-10321,2025-06-21 00:00:00,TikTok,2-5 agents,2,Setter A,Closer C
L-10322,2025-05-20 00:00:00,TikTok,2-5 agents,5,Setter B,Closer B
L-10323,2025-05-17 00:00:00,Meta,6-15 agents,7,Setter C,Closer C
L-10324,2025-06-08 00:00:00,Cold Outreach,16+ agents,3,Setter C,Closer D
L-10325,2025-06-01 00:00:00,Cold Outreach,2-5 agents,3,Setter A,Closer D
L-10326,2025-06-13 00:00:00,Cold Outreach,Solo,6,Setter B,Closer A
L-10327,2025-02-08 00:00:00,Meta,Solo,4,Setter A,Closer B
L-10328,2025-02-25 00:00:00,Cold Outreach,6-15 agents,6,Setter C,Closer C
L-10329,2025-06-11 00:00:00,Cold Outreach,2-5 agents,5,Setter B,Closer C
L-10330,2025-05-13 00:00:00,TikTok,Solo,3,Setter C,Closer D
L-10331,2025-06-24 00:00:00,Meta,6-15 agents,4,Setter C,Closer A
L-10332,2025-06-29 00:00:00,Google Search,6-15 agents,7,Setter A,Closer A
L-10333,2025-06-22 00:00:00,Google Search,6-15 agents,5,Setter A,Closer A
L-10334,2025-04-25 00:00:00,Meta,Solo,3,Setter A,Closer B
L-10335,2025-05-17 00:00:00,Cold Outreach,Solo,8,Setter C,Closer D
L-10336,2025-06-25 00:00:00,Meta,Solo,4,Setter A,Closer B
L-10337,2025-04-19 00:00:00,Meta,6-15 agents,3,Setter A,Closer A
L-10338,2025-06-10 00:00:00,Google Search,6-15 agents,4,Setter A,Closer A
L-10339,2025-06-28 00:00:00,Google Search,6-15 agents,7,Setter A,Closer B
L-10340,2025-05-18 00:00:00,TikTok,6-15 agents,5,Setter A,Closer D
L-10341,2025-01-18 00:00:00,Meta,2-5 agents,4,Setter C,Closer A
L-10342,2025-06-27 00:00:00,Meta,2-5 agents,4,Setter A,Closer D
L-10343,2025-06-28 00:00:00,Google Search,16+ agents,7,Setter C,Closer D
L-10344,2025-05-28 00:00:00,Meta,2-5 agents,6,Setter A,Closer D
L-10345,2025-04-17 00:00:00,Meta,6-15 agents,5,Setter C,Closer C
L-10346,2025-04-14 00:00:00,LinkedIn,2-5 agents,7,Setter B,Closer B
L-10347,2025-01-31 00:00:00,Cold Outreach,6-15 agents,5,Setter C,Closer B
L-10348,2025-06-10 00:00:00,LinkedIn,Solo,10,Setter A,Closer B
L-10349,2025-04-06 00:00:00,Meta,2-5 agents,6,Setter C,Closer D
L-10350,2025-05-24 00:00:00,Cold Outreach,16+ agents,6,Setter B,Closer C
L-10351,2025-02-22 00:00:00,Google Search,Solo,5,Setter C,Closer B
L-10352,2025-05-18 00:00:00,TikTok,16+ agents,1,Setter A,Closer A
L-10353,2025-04-24 00:00:00,Cold Outreach,2-5 agents,6,Setter A,Closer B
L-10354,2025-05-30 00:00:00,TikTok,6-15 agents,1,Setter C,Closer C
L-10355,2025-04-20 00:00:00,Google Search,16+ agents,7,Setter B,Closer C
L-10356,2025-04-06 00:00:00,TikTok,16+ agents,3,Setter A,Closer A
L-10357,2025-05-30 00:00:00,Google Search,2-5 agents,6,Setter A,Closer C
L-10358,2025-04-23 00:00:00,Cold Outreach,6-15 agents,5,Setter C,Closer C
L-10359,2025-02-27 00:00:00,Google Search,16+ agents,8,Setter B,Closer A
L-10360,2025-06-28 00:00:00,LinkedIn,2-5 agents,7,Setter B,Closer D
L-10361,2025-05-12 00:00:00,Google Search,16+ agents,3,Setter B,Closer A
L-10362,2025-05-30 00:00:00,LinkedIn,2-5 agents,8,Setter C,Closer A
L-10363,2025-06-19 00:00:00,Google Search,6-15 agents,5,Setter C,Closer A
L-10364,2025-03-15 00:00:00,TikTok,16+ agents,2,Setter B,Closer B
L-10365,2025-04-28 00:00:00,Meta,2-5 agents,7,Setter A,Closer A
L-10366,2025-03-16 00:00:00,Cold Outreach,16+ agents,3,Setter B,Closer A
L-10367,2025-04-13 00:00:00,Referral,2-5 agents,8,Setter C,Closer D
L-10368,2025-04-14 00:00:00,LinkedIn,6-15 agents,9,Setter C,Closer B
L-10369,2025-06-01 00:00:00,Meta,16+ agents,3,Setter A,Closer B
L-10370,2025-02-27 00:00:00,Cold Outreach,6-15 agents,3,Setter C,Closer D
L-10371,2025-06-25 00:00:00,Meta,16+ agents,6,Setter C,Closer D
L-10372,2025-03-06 00:00:00,LinkedIn,2-5 agents,10,Setter A,Closer A
L-10373,2025-04-18 00:00:00,Cold Outreach,Solo,3,Setter B,Closer A
L-10374,2025-06-28 00:00:00,Cold Outreach,6-15 agents,8,Setter A,Closer B
L-10375,2025-03-31 00:00:00,TikTok,Solo,1,Setter B,Closer B
L-10376,2025-03-12 00:00:00,Google Search,Solo,5,Setter A,Closer C
L-10377,2025-06-20 00:00:00,Meta,6-15 agents,4,Setter B,Closer C
L-10378,2025-01-14 00:00:00,Meta,6-15 agents,3,Setter A,Closer D
L-10379,2025-02-07 00:00:00,Meta,Solo,4,Setter A,Closer D
L-10380,2025-04-04 00:00:00,Referral,2-5 agents,8,Setter C,Closer C
L-10381,2025-03-08 00:00:00,Referral,16+ agents,9,Setter C,Closer A
L-10382,2025-05-12 00:00:00,LinkedIn,16+ agents,7,Setter A,Closer A
L-10383,2025-02-04 00:00:00,Cold Outreach,Solo,4,Setter B,Closer B
L-10384,2025-04-22 00:00:00,Referral,Solo,9,Setter A,Closer D
L-10385,2025-06-03 00:00:00,Meta,2-5 agents,3,Setter C,Closer C
L-10386,2025-04-09 00:00:00,LinkedIn,6-15 agents,8,Setter B,Closer A
L-10387,2025-05-07 00:00:00,Meta,Solo,5,Setter B,Closer A
L-10388,2025-03-14 00:00:00,LinkedIn,6-15 agents,9,Setter C,Closer D
L-10389,2025-04-08 00:00:00,Google Search,6-15 agents,6,Setter B,Closer A
L-10390,2025-03-23 00:00:00,TikTok,16+ agents,5,Setter C,Closer A
L-10391,2025-06-28 00:00:00,Meta,2-5 agents,4,Setter C,Closer D
L-10392,2025-02-27 00:00:00,Meta,16+ agents,7,Setter C,Closer A
L-10393,2025-06-04 00:00:00,TikTok,2-5 agents,2,Setter C,Closer D
L-10394,2025-05-12 00:00:00,TikTok,16+ agents,3,Setter A,Closer A
L-10395,2025-05-16 00:00:00,Google Search,16+ agents,6,Setter C,Closer A
L-10396,2025-05-15 00:00:00,TikTok,2-5 agents,5,Setter B,Closer C
L-10397,2025-04-12 00:00:00,Google Search,Solo,3,Setter B,Closer C
L-10398,2025-04-23 00:00:00,Referral,Solo,8,Setter C,Closer A
L-10399,2025-06-08 00:00:00,LinkedIn,16+ agents,9,Setter C,Closer D
L-10400,2025-06-20 00:00:00,Meta,2-5 agents,5,Setter C,Closer B
L-10401,2025-05-17 00:00:00,LinkedIn,6-15 agents,9,Setter A,Closer A
L-10402,2025-05-06 00:00:00,Meta,Solo,8,Setter A,Closer C
L-10403,2025-05-27 00:00:00,Meta,6-15 agents,4,Setter A,Closer B
L-10404,2025-06-22 00:00:00,Cold Outreach,Solo,6,Setter C,Closer C
L-10405,2025-06-19 00:00:00,Meta,2-5 agents,7,Setter A,Closer A
L-10406,2025-03-30 00:00:00,Cold Outreach,Solo,8,Setter A,Closer C
L-10407,2025-02-22 00:00:00,Meta,16+ agents,3,Setter B,Closer C
L-10408,2025-05-26 00:00:00,TikTok,6-15 agents,5,Setter A,Closer D
L-10409,2025-05-19 00:00:00,Google Search,16+ agents,6,Setter B,Closer B
L-10410,2025-05-24 00:00:00,TikTok,16+ agents,4,Setter A,Closer B
L-10411,2025-04-15 00:00:00,Meta,6-15 agents,5,Setter B,Closer A
L-10412,2025-03-06 00:00:00,Cold Outreach,16+ agents,5,Setter B,Closer D
L-10413,2025-02-14 00:00:00,Meta,16+ agents,6,Setter B,Closer B
L-10414,2025-06-07 00:00:00,Google Search,Solo,8,Setter B,Closer C
L-10415,2025-05-04 00:00:00,Google Search,16+ agents,6,Setter B,Closer A
L-10416,2025-06-27 00:00:00,Cold Outreach,6-15 agents,4,Setter B,Closer B
L-10417,2025-06-13 00:00:00,TikTok,2-5 agents,5,Setter A,Closer D
L-10418,2025-05-01 00:00:00,Google Search,16+ agents,8,Setter C,Closer A
L-10419,2025-06-09 00:00:00,Meta,6-15 agents,6,Setter C,Closer C
L-10420,2025-03-24 00:00:00,Google Search,6-15 agents,4,Setter B,Closer B
L-10421,2025-04-02 00:00:00,Google Search,Solo,5,Setter A,Closer B
L-10422,2025-05-26 00:00:00,Meta,16+ agents,6,Setter A,Closer B
L-10423,2025-04-19 00:00:00,Meta,6-15 agents,7,Setter B,Closer B
L-10424,2025-03-24 00:00:00,Referral,6-15 agents,9,Setter A,Closer A
L-10425,2025-06-02 00:00:00,Google Search,Solo,4,Setter B,Closer B
L-10426,2025-06-21 00:00:00,TikTok,Solo,1,Setter A,Closer A
L-10427,2025-04-20 00:00:00,Google Search,2-5 agents,8,Setter A,Closer C
L-10428,2025-04-13 00:00:00,Cold Outreach,2-5 agents,3,Setter A,Closer D
L-10429,2025-05-22 00:00:00,LinkedIn,6-15 agents,8,Setter B,Closer A
L-10430,2025-04-20 00:00:00,Meta,6-15 agents,5,Setter A,Closer C
L-10431,2025-06-18 00:00:00,TikTok,6-15 agents,3,Setter A,Closer B
L-10432,2025-04-18 00:00:00,TikTok,Solo,2,Setter C,Closer C
L-10433,2025-03-29 00:00:00,Meta,2-5 agents,3,Setter C,Closer A
L-10434,2025-05-29 00:00:00,Google Search,2-5 agents,3,Setter C,Closer D
L-10435,2025-03-02 00:00:00,Cold Outreach,6-15 agents,4,Setter A,Closer A
L-10436,2025-02-10 00:00:00,Referral,6-15 agents,10,Setter A,Closer C
L-10437,2025-06-18 00:00:00,TikTok,16+ agents,3,Setter B,Closer D
L-10438,2025-05-22 00:00:00,LinkedIn,Solo,8,Setter B,Closer A
L-10439,2025-03-16 00:00:00,Meta,2-5 agents,8,Setter A,Closer B
L-10440,2025-05-17 00:00:00,LinkedIn,2-5 agents,9,Setter C,Closer A
L-10441,2025-01-21 00:00:00,Google Search,16+ agents,3,Setter A,Closer B
L-10442,2025-05-22 00:00:00,TikTok,Solo,1,Setter C,Closer C
L-10443,2025-04-06 00:00:00,Google Search,6-15 agents,3,Setter B,Closer D
L-10444,2025-03-12 00:00:00,Meta,2-5 agents,5,Setter C,Closer B
L-10445,2025-01-27 00:00:00,TikTok,2-5 agents,4,Setter C,Closer A
L-10446,2025-04-18 00:00:00,TikTok,16+ agents,5,Setter B,Closer C
L-10447,2025-04-05 00:00:00,Google Search,Solo,3,Setter C,Closer A
L-10448,2025-06-02 00:00:00,Cold Outreach,16+ agents,8,Setter B,Closer C
L-10449,2025-04-11 00:00:00,Meta,6-15 agents,6,Setter C,Closer C
L-10450,2025-06-08 00:00:00,TikTok,2-5 agents,2,Setter B,Closer A
L-10451,2025-04-03 00:00:00,Meta,16+ agents,7,Setter B,Closer A
L-10452,2025-06-26 00:00:00,Meta,Solo,3,Setter B,Closer B
L-10453,2025-06-11 00:00:00,Meta,2-5 agents,7,Setter A,Closer D
L-10454,2025-04-16 00:00:00,Cold Outreach,Solo,7,Setter C,Closer A
L-10455,2025-03-03 00:00:00,Referral,2-5 agents,8,Setter A,Closer B
L-10456,2025-06-13 00:00:00,Cold Outreach,6-15 agents,6,Setter A,Closer C
L-10457,2025-04-05 00:00:00,Meta,6-15 agents,8,Setter A,Closer C
L-10458,2025-06-29 00:00:00,Meta,2-5 agents,6,Setter C,Closer C
L-10459,2025-06-06 00:00:00,TikTok,6-15 agents,5,Setter C,Closer D
L-10460,2025-02-25 00:00:00,Google Search,Solo,6,Setter A,Closer D
L-10461,2025-03-30 00:00:00,Cold Outreach,6-15 agents,3,Setter B,Closer B
L-10462,2025-05-31 00:00:00,Google Search,2-5 agents,4,Setter B,Closer D
L-10463,2025-06-02 00:00:00,Google Search,16+ agents,5,Setter B,Closer D
L-10464,2025-06-15 00:00:00,Meta,16+ agents,4,Setter C,Closer B
L-10465,2025-02-19 00:00:00,TikTok,16+ agents,4,Setter A,Closer A
L-10466,2025-03-23 00:00:00,Google Search,Solo,3,Setter A,Closer D
L-10467,2025-05-20 00:00:00,LinkedIn,Solo,9,Setter A,Closer C
L-10468,2025-05-24 00:00:00,Meta,2-5 agents,4,Setter B,Closer D
L-10469,2025-06-10 00:00:00,Cold Outreach,16+ agents,5,Setter B,Closer B
L-10470,2025-06-10 00:00:00,Meta,6-15 agents,6,Setter C,Closer B
L-10471,2025-03-02 00:00:00,Google Search,Solo,5,Setter A,Closer D
L-10472,2025-04-14 00:00:00,LinkedIn,6-15 agents,9,Setter A,Closer C
L-10473,2025-06-29 00:00:00,Meta,16+ agents,6,Setter A,Closer D
L-10474,2025-03-18 00:00:00,Meta,Solo,4,Setter C,Closer B
L-10475,2025-05-06 00:00:00,Cold Outreach,6-15 agents,8,Setter A,Closer D
L-10476,2025-06-02 00:00:00,Google Search,2-5 agents,6,Setter B,Closer A
L-10477,2025-05-01 00:00:00,LinkedIn,2-5 agents,10,Setter A,Closer B
L-10478,2025-06-03 00:00:00,Meta,16+ agents,7,Setter A,Closer D
L-10479,2025-06-22 00:00:00,Meta,2-5 agents,6,Setter B,Closer A
L-10480,2025-06-23 00:00:00,TikTok,Solo,3,Setter B,Closer C
L-10481,2025-06-26 00:00:00,TikTok,16+ agents,5,Setter A,Closer D
L-10482,2025-06-09 00:00:00,LinkedIn,2-5 agents,10,Setter A,Closer A
L-10483,2025-06-08 00:00:00,Google Search,6-15 agents,5,Setter B,Closer B
L-10484,2025-06-14 00:00:00,Meta,2-5 agents,7,Setter B,Closer B
L-10485,2025-02-13 00:00:00,Meta,6-15 agents,4,Setter A,Closer C
L-10486,2025-05-23 00:00:00,Referral,6-15 agents,9,Setter A,Closer B
L-10487,2025-03-10 00:00:00,TikTok,6-15 agents,5,Setter A,Closer B
L-10488,2025-06-25 00:00:00,TikTok,6-15 agents,5,Setter B,Closer A
L-10489,2025-06-19 00:00:00,Google Search,2-5 agents,8,Setter B,Closer D
L-10490,2025-02-25 00:00:00,Google Search,16+ agents,5,Setter A,Closer C
L-10491,2025-06-20 00:00:00,LinkedIn,Solo,7,Setter B,Closer C
L-10492,2025-05-25 00:00:00,Google Search,6-15 agents,7,Setter A,Closer D
L-10493,2025-05-01 00:00:00,Google Search,16+ agents,5,Setter A,Closer A
L-10494,2025-06-21 00:00:00,Google Search,16+ agents,6,Setter A,Closer C
L-10495,2025-06-23 00:00:00,Google Search,Solo,4,Setter C,Closer C
L-10496,2025-05-31 00:00:00,Referral,Solo,9,Setter C,Closer A
L-10497,2025-04-13 00:00:00,Meta,Solo,7,Setter B,Closer D
L-10498,2025-04-12 00:00:00,LinkedIn,Solo,8,Setter B,Closer B
L-10499,2025-04-09 00:00:00,TikTok,16+ agents,2,Setter C,Closer C
L-10500,2025-02-12 00:00:00,Meta,16+ agents,6,Setter C,Closer A
L-10501,2025-06-03 00:00:00,LinkedIn,6-15 agents,8,Setter A,Closer A
L-10502,2025-04-26 00:00:00,Google Search,2-5 agents,6,Setter A,Closer A
L-10503,2025-04-15 00:00:00,Google Search,6-15 agents,6,Setter C,Closer C
L-10504,2025-06-13 00:00:00,Google Search,16+ agents,4,Setter A,Closer B
L-10505,2025-06-25 00:00:00,Meta,16+ agents,8,Setter B,Closer B
L-10506,2025-04-12 00:00:00,Meta,6-15 agents,5,Setter B,Closer D
L-10507,2025-03-19 00:00:00,TikTok,6-15 agents,2,Setter C,Closer D
L-10508,2025-05-28 00:00:00,LinkedIn,Solo,7,Setter A,Closer D
L-10509,2025-06-04 00:00:00,TikTok,2-5 agents,4,Setter B,Closer D
L-10510,2025-05-24 00:00:00,Google Search,Solo,7,Setter B,Closer B
L-10511,2025-06-28 00:00:00,TikTok,2-5 agents,3,Setter C,Closer D
L-10512,2025-05-30 00:00:00,Google Search,2-5 agents,4,Setter B,Closer B
L-10513,2025-04-03 00:00:00,TikTok,6-15 agents,2,Setter B,Closer A
L-10514,2025-03-25 00:00:00,Referral,2-5 agents,9,Setter C,Closer B
L-10515,2025-06-07 00:00:00,Meta,16+ agents,6,Setter C,Closer B
L-10516,2025-06-13 00:00:00,Meta,16+ agents,6,Setter C,Closer B
L-10517,2025-06-18 00:00:00,Google Search,6-15 agents,3,Setter B,Closer B
L-10518,2025-03-28 00:00:00,Meta,2-5 agents,6,Setter A,Closer D
L-10519,2025-04-17 00:00:00,TikTok,Solo,5,Setter B,Closer A
L-10520,2025-01-19 00:00:00,Google Search,6-15 agents,5,Setter B,Closer B
L-10521,2025-04-19 00:00:00,TikTok,Solo,5,Setter B,Closer C
L-10522,2025-05-13 00:00:00,Meta,Solo,8,Setter A,Closer D
L-10523,2025-05-22 00:00:00,Referral,6-15 agents,8,Setter C,Closer D
L-10524,2025-04-07 00:00:00,TikTok,2-5 agents,2,Setter C,Closer A
L-10525,2025-02-03 00:00:00,Meta,2-5 agents,6,Setter A,Closer C
L-10526,2025-06-27 00:00:00,Meta,2-5 agents,5,Setter B,Closer B
L-10527,2025-04-28 00:00:00,Google Search,16+ agents,5,Setter A,Closer B
L-10528,2025-02-17 00:00:00,Cold Outreach,Solo,4,Setter C,Closer A
L-10529,2025-04-01 00:00:00,Cold Outreach,2-5 agents,4,Setter B,Closer C
L-10530,2025-03-28 00:00:00,Referral,6-15 agents,8,Setter B,Closer A
L-10531,2025-03-05 00:00:00,Google Search,Solo,8,Setter C,Closer C
L-10532,2025-02-10 00:00:00,Meta,6-15 agents,5,Setter A,Closer C
L-10533,2025-05-31 00:00:00,Meta,Solo,5,Setter C,Closer B
L-10534,2025-05-22 00:00:00,Google Search,Solo,8,Setter A,Closer B
L-10535,2025-06-13 00:00:00,Meta,2-5 agents,3,Setter B,Closer C
L-10536,2025-06-06 00:00:00,Meta,2-5 agents,5,Setter B,Closer C
L-10537,2025-05-28 00:00:00,LinkedIn,2-5 agents,10,Setter A,Closer D
L-10538,2025-05-12 00:00:00,Google Search,16+ agents,3,Setter B,Closer C
L-10539,2025-05-21 00:00:00,TikTok,2-5 agents,5,Setter A,Closer A
L-10540,2025-05-04 00:00:00,LinkedIn,2-5 agents,9,Setter C,Closer C
L-10541,2025-06-05 00:00:00,Meta,16+ agents,8,Setter C,Closer C
L-10542,2025-06-28 00:00:00,Meta,2-5 agents,5,Setter B,Closer B
L-10543,2025-06-22 00:00:00,Referral,Solo,9,Setter A,Closer A
L-10544,2025-06-09 00:00:00,Meta,6-15 agents,7,Setter B,Closer D
L-10545,2025-02-26 00:00:00,LinkedIn,16+ agents,7,Setter B,Closer A
L-10546,2025-06-26 00:00:00,Meta,2-5 agents,8,Setter B,Closer D
L-10547,2025-04-30 00:00:00,Google Search,6-15 agents,4,Setter A,Closer B
L-10548,2025-03-26 00:00:00,Meta,6-15 agents,7,Setter A,Closer A
L-10549,2025-04-23 00:00:00,Meta,16+ agents,7,Setter C,Closer C
L-10550,2025-06-17 00:00:00,Google Search,2-5 agents,7,Setter C,Closer C
L-10551,2025-03-16 00:00:00,Meta,Solo,5,Setter C,Closer C
L-10552,2025-06-15 00:00:00,LinkedIn,Solo,7,Setter C,Closer D
L-10553,2025-06-09 00:00:00,Cold Outreach,6-15 agents,7,Setter C,Closer B
L-10554,2025-06-16 00:00:00,LinkedIn,6-15 agents,9,Setter B,Closer C
L-10555,2025-06-23 00:00:00,Google Search,2-5 agents,6,Setter A,Closer C
L-10556,2025-06-28 00:00:00,Meta,Solo,6,Setter C,Closer D
L-10557,2025-04-05 00:00:00,Google Search,Solo,4,Setter B,Closer A
L-10558,2025-05-29 00:00:00,TikTok,2-5 agents,4,Setter B,Closer A
L-10559,2025-05-29 00:00:00,Google Search,2-5 agents,7,Setter A,Closer D
L-10560,2025-05-27 00:00:00,Meta,16+ agents,8,Setter C,Closer A
L-10561,2025-06-25 00:00:00,TikTok,Solo,5,Setter C,Closer A
L-10562,2025-06-06 00:00:00,LinkedIn,2-5 agents,9,Setter C,Closer A
L-10563,2025-03-13 00:00:00,Meta,2-5 agents,6,Setter C,Closer D
L-10564,2025-06-01 00:00:00,Google Search,6-15 agents,3,Setter A,Closer D
L-10565,2025-04-13 00:00:00,Google Search,2-5 agents,7,Setter A,Closer B
L-10566,2025-02-04 00:00:00,TikTok,6-15 agents,1,Setter B,Closer C
L-10567,2025-04-03 00:00:00,LinkedIn,Solo,9,Setter A,Closer D
L-10568,2025-04-28 00:00:00,Google Search,Solo,3,Setter B,Closer D
L-10569,2025-03-18 00:00:00,Cold Outreach,2-5 agents,7,Setter C,Closer D
L-10570,2025-05-01 00:00:00,LinkedIn,6-15 agents,8,Setter C,Closer B
L-10571,2025-05-23 00:00:00,TikTok,6-15 agents,2,Setter A,Closer A
L-10572,2025-06-17 00:00:00,LinkedIn,16+ agents,10,Setter A,Closer C
L-10573,2025-03-08 00:00:00,Referral,Solo,8,Setter A,Closer A
L-10574,2025-05-18 00:00:00,Meta,6-15 agents,6,Setter A,Closer D
L-10575,2025-03-13 00:00:00,Google Search,16+ agents,6,Setter A,Closer A
L-10576,2025-06-16 00:00:00,Meta,2-5 agents,4,Setter B,Closer D
L-10577,2025-03-26 00:00:00,TikTok,16+ agents,5,Setter A,Closer A
L-10578,2025-06-18 00:00:00,Meta,2-5 agents,8,Setter A,Closer A
L-10579,2025-04-01 00:00:00,Meta,2-5 agents,3,Setter A,Closer B
L-10580,2025-05-24 00:00:00,Meta,6-15 agents,3,Setter C,Closer C
L-10581,2025-06-25 00:00:00,Meta,16+ agents,6,Setter C,Closer D
L-10582,2025-06-23 00:00:00,Cold Outreach,Solo,3,Setter C,Closer B
L-10583,2025-05-18 00:00:00,TikTok,2-5 agents,4,Setter A,Closer C
L-10584,2025-05-25 00:00:00,Referral,Solo,10,Setter A,Closer D
L-10585,2025-04-11 00:00:00,TikTok,2-5 agents,1,Setter B,Closer C
L-10586,2025-01-27 00:00:00,TikTok,16+ agents,5,Setter C,Closer C
L-10587,2025-05-23 00:00:00,Google Search,2-5 agents,5,Setter A,Closer C
L-10588,2025-05-26 00:00:00,Google Search,16+ agents,8,Setter A,Closer C
L-10589,2025-05-17 00:00:00,Google Search,6-15 agents,6,Setter B,Closer C
L-10590,2025-05-08 00:00:00,Google Search,6-15 agents,6,Setter B,Closer A
L-10591,2025-05-28 00:00:00,Meta,Solo,6,Setter C,Closer D
L-10592,2025-06-08 00:00:00,Meta,Solo,4,Setter A,Closer B
L-10593,2025-06-07 00:00:00,TikTok,6-15 agents,3,Setter A,Closer A
L-10594,2025-05-02 00:00:00,LinkedIn,2-5 agents,8,Setter B,Closer C
L-10595,2025-05-06 00:00:00,Meta,16+ agents,7,Setter A,Closer A
L-10596,2025-04-25 00:00:00,Meta,2-5 agents,4,Setter A,Closer D
L-10597,2025-06-01 00:00:00,Meta,Solo,8,Setter C,Closer D
L-10598,2025-04-29 00:00:00,Meta,6-15 agents,7,Setter C,Closer D
L-10599,2025-06-25 00:00:00,Meta,6-15 agents,7,Setter A,Closer B
L-10600,2025-04-26 00:00:00,Meta,Solo,7,Setter C,Closer C
L-10601,2025-06-15 00:00:00,Meta,16+ agents,6,Setter B,Closer B
L-10602,2025-06-01 00:00:00,Cold Outreach,16+ agents,7,Setter C,Closer A
L-10603,2025-06-24 00:00:00,Google Search,2-5 agents,6,Setter B,Closer D
L-10604,2025-03-28 00:00:00,Google Search,Solo,3,Setter B,Closer A
L-10605,2025-05-19 00:00:00,LinkedIn,Solo,9,Setter C,Closer A
L-10606,2025-03-01 00:00:00,Meta,16+ agents,8,Setter C,Closer A
L-10607,2025-02-26 00:00:00,Meta,16+ agents,6,Setter B,Closer A
L-10608,2025-05-27 00:00:00,Google Search,16+ agents,4,Setter A,Closer B
L-10609,2025-05-16 00:00:00,Meta,Solo,5,Setter C,Closer D
L-10610,2025-06-02 00:00:00,TikTok,16+ agents,4,Setter C,Closer C
L-10611,2025-04-30 00:00:00,Meta,6-15 agents,3,Setter C,Closer A
L-10612,2025-06-24 00:00:00,Meta,6-15 agents,6,Setter A,Closer A
L-10613,2025-04-05 00:00:00,TikTok,6-15 agents,5,Setter A,Closer B
L-10614,2025-06-25 00:00:00,Referral,2-5 agents,8,Setter A,Closer D
L-10615,2025-03-29 00:00:00,Meta,16+ agents,8,Setter A,Closer D
L-10616,2025-04-25 00:00:00,TikTok,6-15 agents,2,Setter A,Closer D
L-10617,2025-04-10 00:00:00,Google Search,Solo,6,Setter C,Closer D
L-10618,2025-06-20 00:00:00,Meta,2-5 agents,6,Setter B,Closer C
L-10619,2025-05-14 00:00:00,Cold Outreach,16+ agents,6,Setter C,Closer C
L-10620,2025-06-26 00:00:00,Meta,2-5 agents,3,Setter B,Closer C
L-10621,2025-04-28 00:00:00,LinkedIn,6-15 agents,9,Setter A,Closer A
L-10622,2025-06-21 00:00:00,Meta,2-5 agents,7,Setter B,Closer D
L-10623,2025-03-04 00:00:00,LinkedIn,2-5 agents,9,Setter B,Closer A
L-10624,2025-06-03 00:00:00,Google Search,2-5 agents,7,Setter A,Closer B
L-10625,2025-05-14 00:00:00,Meta,6-15 agents,7,Setter B,Closer D
L-10626,2025-03-30 00:00:00,Meta,Solo,4,Setter B,Closer D
L-10627,2025-01-25 00:00:00,Cold Outreach,2-5 agents,6,Setter A,Closer A
L-10628,2025-03-11 00:00:00,LinkedIn,2-5 agents,10,Setter A,Closer D
L-10629,2025-04-23 00:00:00,TikTok,16+ agents,1,Setter B,Closer A
L-10630,2025-05-04 00:00:00,TikTok,6-15 agents,1,Setter A,Closer A
L-10631,2025-04-09 00:00:00,Google Search,Solo,6,Setter A,Closer A
L-10632,2025-02-13 00:00:00,Meta,Solo,8,Setter A,Closer B
L-10633,2025-04-01 00:00:00,LinkedIn,Solo,7,Setter C,Closer B
L-10634,2025-05-02 00:00:00,Google Search,Solo,7,Setter B,Closer A
L-10635,2025-05-13 00:00:00,Meta,16+ agents,5,Setter A,Closer C
L-10636,2025-06-07 00:00:00,LinkedIn,16+ agents,7,Setter C,Closer B
L-10637,2025-06-21 00:00:00,Referral,2-5 agents,9,Setter A,Closer A
L-10638,2025-03-28 00:00:00,Google Search,Solo,6,Setter A,Closer C
L-10639,2025-05-02 00:00:00,Cold Outreach,Solo,6,Setter C,Closer D
L-10640,2025-02-25 00:00:00,Google Search,2-5 agents,7,Setter A,Closer D
L-10641,2025-05-06 00:00:00,Meta,Solo,4,Setter A,Closer D
L-10642,2025-04-17 00:00:00,TikTok,2-5 agents,5,Setter C,Closer C
L-10643,2025-06-03 00:00:00,TikTok,16+ agents,2,Setter B,Closer D
L-10644,2025-06-28 00:00:00,LinkedIn,2-5 agents,9,Setter A,Closer A
L-10645,2025-03-28 00:00:00,Google Search,16+ agents,6,Setter C,Closer B
L-10646,2025-05-11 00:00:00,Google Search,16+ agents,5,Setter C,Closer D
L-10647,2025-05-25 00:00:00,Cold Outreach,Solo,8,Setter C,Closer B
L-10648,2025-06-11 00:00:00,Cold Outreach,6-15 agents,5,Setter B,Closer D
L-10649,2025-06-02 00:00:00,TikTok,Solo,5,Setter A,Closer C
L-10650,2025-05-16 00:00:00,Meta,2-5 agents,3,Setter A,Closer C
L-10651,2025-03-16 00:00:00,Referral,6-15 agents,10,Setter A,Closer B
L-10652,2025-05-21 00:00:00,TikTok,6-15 agents,1,Setter A,Closer D
L-10653,2025-06-01 00:00:00,LinkedIn,2-5 agents,8,Setter C,Closer A
L-10654,2025-04-27 00:00:00,TikTok,16+ agents,4,Setter A,Closer C
L-10655,2025-06-03 00:00:00,TikTok,16+ agents,2,Setter A,Closer A
L-10656,2025-06-25 00:00:00,LinkedIn,6-15 agents,9,Setter C,Closer C
L-10657,2025-03-02 00:00:00,TikTok,2-5 agents,5,Setter B,Closer B
L-10658,2025-04-09 00:00:00,Cold Outreach,2-5 agents,5,Setter A,Closer C
L-10659,2025-06-07 00:00:00,Meta,2-5 agents,6,Setter A,Closer D
L-10660,2025-04-20 00:00:00,LinkedIn,2-5 agents,7,Setter A,Closer D
L-10661,2025-02-19 00:00:00,LinkedIn,Solo,7,Setter B,Closer C
L-10662,2025-05-09 00:00:00,Meta,Solo,4,Setter B,Closer D
L-10663,2025-05-08 00:00:00,Google Search,2-5 agents,5,Setter B,Closer A
L-10664,2025-06-12 00:00:00,Referral,6-15 agents,8,Setter B,Closer C
L-10665,2025-06-13 00:00:00,LinkedIn,6-15 agents,9,Setter C,Closer A
L-10666,2025-02-26 00:00:00,TikTok,2-5 agents,1,Setter C,Closer D
L-10667,2025-05-07 00:00:00,Meta,6-15 agents,7,Setter A,Closer C
L-10668,2025-06-07 00:00:00,TikTok,16+ agents,3,Setter C,Closer A
L-10669,2025-03-19 00:00:00,Google Search,16+ agents,5,Setter A,Closer D
L-10670,2025-03-29 00:00:00,Meta,2-5 agents,7,Setter A,Closer C
L-10671,2025-05-18 00:00:00,Meta,Solo,3,Setter C,Closer D
L-10672,2025-06-22 00:00:00,LinkedIn,16+ agents,10,Setter C,Closer C
L-10673,2025-05-22 00:00:00,Meta,16+ agents,7,Setter C,Closer A
L-10674,2025-06-09 00:00:00,LinkedIn,6-15 agents,8,Setter C,Closer A
L-10675,2025-03-01 00:00:00,TikTok,16+ agents,3,Setter A,Closer A
L-10676,2025-06-18 00:00:00,Cold Outreach,2-5 agents,7,Setter B,Closer C
L-10677,2025-04-14 00:00:00,Meta,6-15 agents,7,Setter B,Closer B
L-10678,2025-04-08 00:00:00,Meta,Solo,6,Setter C,Closer D
L-10679,2025-05-04 00:00:00,Google Search,Solo,6,Setter C,Closer A
L-10680,2025-05-05 00:00:00,Google Search,2-5 agents,5,Setter B,Closer A
L-10681,2025-05-19 00:00:00,Google Search,6-15 agents,6,Setter B,Closer C
L-10682,2025-01-29 00:00:00,TikTok,2-5 agents,2,Setter C,Closer B
L-10683,2025-05-10 00:00:00,Google Search,2-5 agents,5,Setter A,Closer D
L-10684,2025-06-11 00:00:00,Meta,2-5 agents,8,Setter C,Closer D
L-10685,2025-04-23 00:00:00,TikTok,6-15 agents,1,Setter C,Closer A
L-10686,2025-04-07 00:00:00,TikTok,6-15 agents,1,Setter B,Closer B
L-10687,2025-06-17 00:00:00,LinkedIn,16+ agents,8,Setter A,Closer D
L-10688,2025-04-19 00:00:00,Meta,16+ agents,8,Setter A,Closer A
L-10689,2025-03-22 00:00:00,Meta,2-5 agents,7,Setter B,Closer A
L-10690,2025-02-27 00:00:00,TikTok,2-5 agents,1,Setter C,Closer C
L-10691,2025-06-11 00:00:00,Meta,16+ agents,3,Setter C,Closer B
L-10692,2025-02-21 00:00:00,Google Search,2-5 agents,8,Setter A,Closer B
L-10693,2025-06-04 00:00:00,Google Search,16+ agents,3,Setter C,Closer C
L-10694,2025-02-18 00:00:00,Meta,6-15 agents,4,Setter C,Closer A
L-10695,2025-06-03 00:00:00,Google Search,16+ agents,6,Setter B,Closer D
L-10696,2025-04-14 00:00:00,Referral,Solo,9,Setter B,Closer B
L-10697,2025-05-21 00:00:00,Meta,16+ agents,4,Setter A,Closer D
L-10698,2025-05-17 00:00:00,Meta,Solo,6,Setter A,Closer A
L-10699,2025-04-14 00:00:00,Cold Outreach,Solo,8,Setter C,Closer B
L-10700,2025-06-04 00:00:00,Cold Outreach,Solo,5,Setter A,Closer D
L-10701,2025-05-10 00:00:00,Meta,Solo,4,Setter C,Closer D
L-10702,2025-02-05 00:00:00,Meta,Solo,8,Setter C,Closer C
L-10703,2025-03-10 00:00:00,TikTok,2-5 agents,4,Setter A,Closer B
L-10704,2025-06-29 00:00:00,Google Search,Solo,8,Setter A,Closer A
L-10705,2025-06-20 00:00:00,Meta,2-5 agents,8,Setter B,Closer A
L-10706,2025-01-29 00:00:00,Meta,6-15 agents,3,Setter C,Closer C
L-10707,2025-04-20 00:00:00,Meta,16+ agents,7,Setter B,Closer A
L-10708,2025-06-01 00:00:00,Meta,2-5 agents,5,Setter B,Closer B
L-10709,2025-02-14 00:00:00,TikTok,6-15 agents,1,Setter A,Closer B
L-10710,2025-04-11 00:00:00,Meta,2-5 agents,4,Setter C,Closer B
L-10711,2025-05-05 00:00:00,LinkedIn,Solo,7,Setter B,Closer D
L-10712,2025-05-18 00:00:00,Meta,16+ agents,5,Setter A,Closer C
L-10713,2025-05-09 00:00:00,Meta,Solo,6,Setter B,Closer A
L-10714,2025-06-11 00:00:00,TikTok,2-5 agents,4,Setter B,Closer A
L-10715,2025-03-18 00:00:00,Cold Outreach,6-15 agents,8,Setter C,Closer B
L-10716,2025-06-14 00:00:00,Meta,2-5 agents,5,Setter B,Closer A
L-10717,2025-05-03 00:00:00,Meta,2-5 agents,4,Setter A,Closer C
L-10718,2025-05-24 00:00:00,Google Search,2-5 agents,6,Setter B,Closer C
L-10719,2025-03-19 00:00:00,Cold Outreach,2-5 agents,7,Setter C,Closer C
L-10720,2025-06-23 00:00:00,Meta,Solo,5,Setter A,Closer B
L-10721,2025-05-20 00:00:00,Meta,6-15 agents,3,Setter A,Closer C
L-10722,2025-03-07 00:00:00,Google Search,Solo,4,Setter C,Closer C
L-10723,2025-05-08 00:00:00,Meta,Solo,6,Setter C,Closer D
L-10724,2025-02-28 00:00:00,Meta,2-5 agents,7,Setter C,Closer C
L-10725,2025-04-19 00:00:00,LinkedIn,6-15 agents,9,Setter C,Closer A
L-10726,2025-03-26 00:00:00,Google Search,Solo,3,Setter A,Closer C
L-10727,2025-02-17 00:00:00,LinkedIn,6-15 agents,7,Setter A,Closer B
L-10728,2025-04-12 00:00:00,Google Search,6-15 agents,4,Setter B,Closer B
L-10729,2025-04-14 00:00:00,Google Search,16+ agents,4,Setter C,Closer B
L-10730,2025-05-28 00:00:00,Referral,2-5 agents,8,Setter C,Closer B
L-10731,2025-06-13 00:00:00,Google Search,16+ agents,6,Setter A,Closer B
L-10732,2025-05-28 00:00:00,TikTok,Solo,4,Setter B,Closer C
L-10733,2025-01-14 00:00:00,LinkedIn,Solo,8,Setter B,Closer B
L-10734,2025-05-06 00:00:00,Meta,2-5 agents,4,Setter A,Closer C
L-10735,2025-04-27 00:00:00,Meta,2-5 agents,7,Setter A,Closer A
L-10736,2025-06-17 00:00:00,Meta,2-5 agents,7,Setter A,Closer A
L-10737,2025-03-19 00:00:00,LinkedIn,16+ agents,10,Setter A,Closer A
L-10738,2025-03-27 00:00:00,Google Search,16+ agents,7,Setter A,Closer D
L-10739,2025-01-19 00:00:00,TikTok,Solo,5,Setter C,Closer A
L-10740,2025-06-18 00:00:00,Google Search,6-15 agents,4,Setter B,Closer B
L-10741,2025-03-30 00:00:00,LinkedIn,6-15 agents,10,Setter C,Closer A
L-10742,2025-04-20 00:00:00,Meta,2-5 agents,3,Setter A,Closer A
L-10743,2025-05-26 00:00:00,Cold Outreach,2-5 agents,8,Setter C,Closer B
L-10744,2025-05-08 00:00:00,Meta,2-5 agents,7,Setter B,Closer A
L-10745,2025-05-18 00:00:00,Cold Outreach,6-15 agents,4,Setter B,Closer D
L-10746,2025-06-04 00:00:00,LinkedIn,Solo,10,Setter C,Closer B
L-10747,2025-05-17 00:00:00,Meta,6-15 agents,5,Setter B,Closer B
L-10748,2025-04-09 00:00:00,Meta,16+ agents,8,Setter C,Closer C
L-10749,2025-03-05 00:00:00,LinkedIn,6-15 agents,7,Setter C,Closer B
L-10750,2025-06-20 00:00:00,Google Search,16+ agents,8,Setter A,Closer A
L-10751,2025-06-19 00:00:00,Google Search,6-15 agents,5,Setter B,Closer B
L-10752,2025-06-02 00:00:00,TikTok,16+ agents,4,Setter B,Closer C
L-10753,2025-06-09 00:00:00,LinkedIn,6-15 agents,9,Setter C,Closer C
L-10754,2025-05-06 00:00:00,Meta,16+ agents,7,Setter A,Closer B
L-10755,2025-03-11 00:00:00,LinkedIn,2-5 agents,8,Setter A,Closer C
L-10756,2025-06-03 00:00:00,Google Search,16+ agents,6,Setter B,Closer A
L-10757,2025-05-03 00:00:00,Meta,Solo,4,Setter B,Closer A
L-10758,2025-06-26 00:00:00,Meta,2-5 agents,8,Setter A,Closer D
L-10759,2025-04-28 00:00:00,Google Search,2-5 agents,5,Setter A,Closer A
L-10760,2025-01-29 00:00:00,Referral,2-5 agents,10,Setter C,Closer B
L-10761,2025-05-01 00:00:00,Meta,2-5 agents,4,Setter A,Closer B
L-10762,2025-02-17 00:00:00,Google Search,16+ agents,7,Setter C,Closer A
L-10763,2025-06-19 00:00:00,Google Search,2-5 agents,5,Setter C,Closer D
L-10764,2025-05-31 00:00:00,Meta,Solo,4,Setter A,Closer A
L-10765,2025-05-10 00:00:00,Referral,Solo,10,Setter C,Closer D
L-10766,2025-04-19 00:00:00,Google Search,16+ agents,6,Setter C,Closer B
L-10767,2025-06-25 00:00:00,LinkedIn,6-15 agents,10,Setter A,Closer C
L-10768,2025-03-20 00:00:00,TikTok,2-5 agents,5,Setter A,Closer A
L-10769,2025-05-06 00:00:00,Cold Outreach,16+ agents,7,Setter B,Closer A
L-10770,2025-02-18 00:00:00,Google Search,2-5 agents,5,Setter B,Closer D
L-10771,2025-06-26 00:00:00,LinkedIn,Solo,10,Setter C,Closer D
L-10772,2025-03-02 00:00:00,Google Search,2-5 agents,4,Setter C,Closer D
L-10773,2025-03-12 00:00:00,Cold Outreach,2-5 agents,3,Setter A,Closer B
L-10774,2025-05-26 00:00:00,Meta,6-15 agents,4,Setter C,Closer C
L-10775,2025-03-28 00:00:00,Google Search,Solo,8,Setter B,Closer D
L-10776,2025-06-11 00:00:00,Referral,Solo,9,Setter B,Closer D
L-10777,2025-04-14 00:00:00,Referral,Solo,9,Setter B,Closer C
L-10778,2025-06-21 00:00:00,TikTok,Solo,4,Setter A,Closer A
L-10779,2025-04-28 00:00:00,TikTok,16+ agents,4,Setter A,Closer A
L-10780,2025-05-02 00:00:00,Meta,16+ agents,6,Setter B,Closer C
L-10781,2025-02-09 00:00:00,Meta,6-15 agents,7,Setter B,Closer C
L-10782,2025-04-25 00:00:00,Meta,2-5 agents,8,Setter C,Closer D
L-10783,2025-03-21 00:00:00,Google Search,Solo,5,Setter B,Closer D
L-10784,2025-05-10 00:00:00,Meta,16+ agents,8,Setter C,Closer B
L-10785,2025-03-08 00:00:00,Google Search,Solo,5,Setter B,Closer C
L-10786,2025-03-08 00:00:00,Google Search,2-5 agents,5,Setter C,Closer B
L-10787,2025-05-04 00:00:00,TikTok,6-15 agents,2,Setter B,Closer C
L-10788,2025-06-03 00:00:00,Google Search,16+ agents,3,Setter A,Closer D
L-10789,2025-05-03 00:00:00,Meta,Solo,5,Setter C,Closer B
L-10790,2025-05-18 00:00:00,Google Search,2-5 agents,4,Setter A,Closer B
L-10791,2025-04-14 00:00:00,Meta,6-15 agents,7,Setter C,Closer C
L-10792,2025-06-15 00:00:00,Cold Outreach,2-5 agents,3,Setter C,Closer C
L-10793,2025-06-05 00:00:00,Meta,16+ agents,7,Setter A,Closer A
L-10794,2025-05-21 00:00:00,Referral,Solo,8,Setter B,Closer C
L-10795,2025-05-02 00:00:00,Meta,Solo,3,Setter A,Closer C
L-10796,2025-05-17 00:00:00,Google Search,16+ agents,6,Setter A,Closer A
L-10797,2025-01-21 00:00:00,LinkedIn,2-5 agents,8,Setter A,Closer A
L-10798,2025-06-19 00:00:00,LinkedIn,Solo,9,Setter B,Closer B
L-10799,2025-06-09 00:00:00,Meta,16+ agents,7,Setter B,Closer D
L-10800,2025-02-21 00:00:00,Google Search,Solo,4,Setter C,Closer D
L-10801,2025-05-18 00:00:00,Meta,Solo,4,Setter B,Closer C
L-10802,2025-05-02 00:00:00,Google Search,6-15 agents,7,Setter A,Closer C
L-10803,2025-03-06 00:00:00,LinkedIn,16+ agents,9,Setter B,Closer A
L-10804,2025-04-20 00:00:00,LinkedIn,2-5 agents,9,Setter A,Closer A
L-10805,2025-06-13 00:00:00,Meta,6-15 agents,8,Setter A,Closer B
L-10806,2025-06-11 00:00:00,Google Search,Solo,6,Setter A,Closer A
L-10807,2025-06-09 00:00:00,Google Search,2-5 agents,6,Setter B,Closer B
L-10808,2025-06-22 00:00:00,Google Search,16+ agents,5,Setter A,Closer B
L-10809,2025-05-15 00:00:00,Meta,16+ agents,6,Setter C,Closer D
L-10810,2025-05-26 00:00:00,TikTok,16+ agents,5,Setter B,Closer C
L-10811,2025-04-10 00:00:00,TikTok,16+ agents,3,Setter B,Closer C
L-10812,2025-02-06 00:00:00,Meta,6-15 agents,5,Setter C,Closer B
L-10813,2025-04-20 00:00:00,Google Search,2-5 agents,6,Setter B,Closer D
L-10814,2025-06-22 00:00:00,Google Search,2-5 agents,7,Setter A,Closer C
L-10815,2025-03-18 00:00:00,Google Search,16+ agents,6,Setter C,Closer A
L-10816,2025-06-01 00:00:00,LinkedIn,Solo,9,Setter B,Closer C
L-10817,2025-03-28 00:00:00,Google Search,16+ agents,6,Setter C,Closer A
L-10818,2025-04-07 00:00:00,Google Search,6-15 agents,8,Setter C,Closer A
L-10819,2025-02-20 00:00:00,TikTok,Solo,1,Setter A,Closer A
L-10820,2025-04-23 00:00:00,Google Search,2-5 agents,8,Setter C,Closer B
L-10821,2025-06-26 00:00:00,Google Search,Solo,7,Setter A,Closer D
L-10822,2025-04-04 00:00:00,Meta,2-5 agents,7,Setter C,Closer B
L-10823,2025-02-12 00:00:00,Meta,6-15 agents,4,Setter B,Closer C
L-10824,2025-05-07 00:00:00,LinkedIn,6-15 agents,9,Setter C,Closer C
L-10825,2025-03-06 00:00:00,Cold Outreach,2-5 agents,7,Setter B,Closer A
L-10826,2025-01-12 00:00:00,LinkedIn,16+ agents,7,Setter B,Closer C
L-10827,2025-05-26 00:00:00,Meta,Solo,6,Setter B,Closer B
L-10828,2025-04-14 00:00:00,TikTok,2-5 agents,1,Setter A,Closer B
L-10829,2025-05-27 00:00:00,LinkedIn,16+ agents,7,Setter C,Closer D
L-10830,2025-04-15 00:00:00,TikTok,2-5 agents,5,Setter C,Closer B
L-10831,2025-05-27 00:00:00,Google Search,Solo,7,Setter C,Closer B
L-10832,2025-06-19 00:00:00,Meta,2-5 agents,3,Setter A,Closer D
L-10833,2025-03-28 00:00:00,Cold Outreach,2-5 agents,7,Setter B,Closer A
L-10834,2025-03-31 00:00:00,Meta,Solo,4,Setter B,Closer C
L-10835,2025-05-28 00:00:00,Google Search,6-15 agents,5,Setter B,Closer B
L-10836,2025-05-23 00:00:00,Referral,6-15 agents,8,Setter C,Closer B
L-10837,2025-06-18 00:00:00,Meta,6-15 agents,8,Setter A,Closer B
L-10838,2025-05-03 00:00:00,Cold Outreach,Solo,4,Setter A,Closer A
L-10839,2025-05-07 00:00:00,Meta,6-15 agents,3,Setter A,Closer A
L-10840,2025-05-20 00:00:00,LinkedIn,16+ agents,8,Setter B,Closer D
L-10841,2025-04-01 00:00:00,Meta,2-5 agents,4,Setter C,Closer C
L-10842,2025-03-10 00:00:00,Meta,6-15 agents,4,Setter C,Closer D
L-10843,2025-05-07 00:00:00,Meta,Solo,3,Setter B,Closer D
L-10844,2025-06-22 00:00:00,LinkedIn,16+ agents,8,Setter A,Closer D
L-10845,2025-06-24 00:00:00,LinkedIn,6-15 agents,9,Setter B,Closer B
L-10846,2025-06-11 00:00:00,LinkedIn,6-15 agents,9,Setter B,Closer C
L-10847,2025-06-01 00:00:00,LinkedIn,2-5 agents,10,Setter A,Closer C
L-10848,2025-02-26 00:00:00,Meta,16+ agents,4,Setter A,Closer D
L-10849,2025-04-07 00:00:00,Google Search,16+ agents,3,Setter C,Closer B
L-10850,2025-02-12 00:00:00,Google Search,6-15 agents,8,Setter A,Closer A
L-10851,2025-03-27 00:00:00,Google Search,16+ agents,3,Setter A,Closer B
L-10852,2025-04-01 00:00:00,Google Search,Solo,4,Setter C,Closer A
L-10853,2025-06-09 00:00:00,Cold Outreach,6-15 agents,7,Setter B,Closer D
L-10854,2025-06-29 00:00:00,Meta,16+ agents,3,Setter C,Closer A
L-10855,2025-06-06 00:00:00,LinkedIn,16+ agents,10,Setter A,Closer A
L-10856,2025-06-29 00:00:00,Meta,6-15 agents,4,Setter B,Closer D
L-10857,2025-06-16 00:00:00,Meta,16+ agents,5,Setter B,Closer B
L-10858,2025-06-19 00:00:00,Referral,16+ agents,9,Setter B,Closer B
L-10859,2025-06-08 00:00:00,Cold Outreach,Solo,3,Setter B,Closer C
L-10860,2025-01-14 00:00:00,Google Search,6-15 agents,5,Setter B,Closer B
L-10861,2025-05-06 00:00:00,Google Search,2-5 agents,8,Setter A,Closer C
L-10862,2025-04-13 00:00:00,Meta,Solo,6,Setter B,Closer A
L-10863,2025-06-05 00:00:00,Google Search,6-15 agents,4,Setter C,Closer A
L-10864,2025-06-12 00:00:00,Google Search,Solo,3,Setter B,Closer A
L-10865,2025-05-12 00:00:00,Google Search,16+ agents,8,Setter A,Closer B
L-10866,2025-03-04 00:00:00,Cold Outreach,6-15 agents,6,Setter C,Closer C
L-10867,2025-05-01 00:00:00,TikTok,Solo,3,Setter B,Closer C
L-10868,2025-01-31 00:00:00,Google Search,2-5 agents,5,Setter A,Closer C
L-10869,2025-03-25 00:00:00,Google Search,Solo,6,Setter B,Closer B
L-10870,2025-06-03 00:00:00,Google Search,16+ agents,6,Setter B,Closer B
L-10871,2025-03-29 00:00:00,Meta,2-5 agents,3,Setter B,Closer B
L-10872,2025-05-05 00:00:00,Google Search,2-5 agents,5,Setter A,Closer A
L-10873,2025-04-02 00:00:00,Meta,Solo,8,Setter B,Closer A
L-10874,2025-03-24 00:00:00,TikTok,6-15 agents,2,Setter C,Closer C
L-10875,2025-01-16 00:00:00,Cold Outreach,2-5 agents,5,Setter C,Closer B
L-10876,2025-06-11 00:00:00,Google Search,2-5 agents,3,Setter A,Closer D
L-10877,2025-05-27 00:00:00,Google Search,2-5 agents,6,Setter B,Closer C
L-10878,2025-04-02 00:00:00,Meta,2-5 agents,8,Setter B,Closer C
L-10879,2025-02-04 00:00:00,Cold Outreach,Solo,6,Setter B,Closer A
L-10880,2025-05-15 00:00:00,Google Search,Solo,6,Setter B,Closer C
L-10881,2025-05-06 00:00:00,Meta,16+ agents,6,Setter C,Closer D
L-10882,2025-04-03 00:00:00,Cold Outreach,2-5 agents,4,Setter A,Closer D
L-10883,2025-02-18 00:00:00,TikTok,16+ agents,1,Setter C,Closer A
L-10884,2025-05-04 00:00:00,Meta,6-15 agents,7,Setter A,Closer A
L-10885,2025-05-15 00:00:00,TikTok,6-15 agents,2,Setter C,Closer D
L-10886,2025-02-20 00:00:00,Google Search,6-15 agents,4,Setter B,Closer B
L-10887,2025-06-04 00:00:00,LinkedIn,2-5 agents,7,Setter A,Closer D
L-10888,2025-05-30 00:00:00,Meta,Solo,3,Setter A,Closer C
L-10889,2025-06-07 00:00:00,Meta,6-15 agents,6,Setter B,Closer A
L-10890,2025-06-29 00:00:00,Meta,6-15 agents,7,Setter C,Closer A
L-10891,2025-05-03 00:00:00,Google Search,Solo,4,Setter B,Closer B
L-10892,2025-06-03 00:00:00,Meta,Solo,3,Setter C,Closer A
L-10893,2025-02-11 00:00:00,Cold Outreach,2-5 agents,8,Setter C,Closer B
L-10894,2025-02-20 00:00:00,Google Search,16+ agents,8,Setter C,Closer A
L-10895,2025-05-18 00:00:00,TikTok,2-5 agents,2,Setter C,Closer B
L-10896,2025-05-29 00:00:00,Meta,16+ agents,3,Setter C,Closer D
L-10897,2025-03-07 00:00:00,Google Search,Solo,5,Setter C,Closer C
L-10898,2025-03-12 00:00:00,Google Search,6-15 agents,8,Setter A,Closer D
L-10899,2025-03-30 00:00:00,Referral,Solo,9,Setter C,Closer D
L-10900,2025-04-22 00:00:00,TikTok,6-15 agents,4,Setter C,Closer D
L-10901,2025-06-07 00:00:00,Cold Outreach,6-15 agents,8,Setter C,Closer C
L-10902,2025-03-09 00:00:00,Meta,6-15 agents,8,Setter C,Closer D
L-10903,2025-02-21 00:00:00,TikTok,2-5 agents,4,Setter B,Closer B
L-10904,2025-06-11 00:00:00,Meta,Solo,8,Setter C,Closer A
L-10905,2025-06-03 00:00:00,Meta,2-5 agents,4,Setter C,Closer D
L-10906,2025-02-14 00:00:00,TikTok,2-5 agents,2,Setter C,Closer D
L-10907,2025-06-13 00:00:00,Google Search,Solo,5,Setter B,Closer C
L-10908,2025-06-17 00:00:00,Google Search,Solo,7,Setter C,Closer A
L-10909,2025-04-29 00:00:00,LinkedIn,16+ agents,9,Setter C,Closer C
L-10910,2025-04-10 00:00:00,Referral,2-5 agents,10,Setter C,Closer C
L-10911,2025-03-18 00:00:00,Referral,2-5 agents,8,Setter A,Closer D
L-10912,2025-06-28 00:00:00,Google Search,16+ agents,3,Setter C,Closer A
L-10913,2025-06-03 00:00:00,Referral,16+ agents,9,Setter A,Closer D
L-10914,2025-05-02 00:00:00,Cold Outreach,Solo,8,Setter C,Closer B
L-10915,2025-01-23 00:00:00,TikTok,Solo,2,Setter C,Closer A
L-10916,2025-06-13 00:00:00,Meta,6-15 agents,5,Setter A,Closer C
L-10917,2025-05-29 00:00:00,Meta,2-5 agents,6,Setter A,Closer A
L-10918,2025-06-25 00:00:00,Referral,2-5 agents,10,Setter A,Closer C
L-10919,2025-04-20 00:00:00,TikTok,6-15 agents,3,Setter B,Closer A
L-10920,2025-03-29 00:00:00,Google Search,2-5 agents,6,Setter C,Closer B
L-10921,2025-06-26 00:00:00,Cold Outreach,6-15 agents,8,Setter C,Closer A
L-10922,2025-04-06 00:00:00,TikTok,2-5 agents,1,Setter B,Closer A
L-10923,2025-06-20 00:00:00,Cold Outreach,Solo,6,Setter C,Closer C
L-10924,2025-01-09 00:00:00,LinkedIn,6-15 agents,8,Setter C,Closer A
L-10925,2025-06-15 00:00:00,Google Search,16+ agents,6,Setter B,Closer D
L-10926,2025-05-13 00:00:00,LinkedIn,2-5 agents,8,Setter A,Closer C
L-10927,2025-03-10 00:00:00,Referral,2-5 agents,8,Setter A,Closer B
L-10928,2025-01-08 00:00:00,Referral,2-5 agents,10,Setter A,Closer D
L-10929,2025-05-24 00:00:00,Meta,16+ agents,6,Setter C,Closer B
L-10930,2025-05-16 00:00:00,Meta,6-15 agents,8,Setter C,Closer D
L-10931,2025-06-19 00:00:00,Meta,16+ agents,8,Setter A,Closer A
L-10932,2025-05-06 00:00:00,Meta,2-5 agents,4,Setter A,Closer B
L-10933,2025-06-27 00:00:00,Google Search,6-15 agents,6,Setter A,Closer B
L-10934,2025-06-04 00:00:00,TikTok,Solo,1,Setter C,Closer C
L-10935,2025-03-04 00:00:00,Google Search,6-15 agents,7,Setter B,Closer B
L-10936,2025-05-03 00:00:00,Meta,16+ agents,6,Setter C,Closer B
L-10937,2025-04-30 00:00:00,Meta,6-15 agents,3,Setter A,Closer B
L-10938,2025-03-18 00:00:00,Meta,6-15 agents,4,Setter B,Closer C
L-10939,2025-02-07 00:00:00,Meta,16+ agents,5,Setter C,Closer A
L-10940,2025-05-20 00:00:00,TikTok,6-15 agents,4,Setter C,Closer D
L-10941,2025-01-16 00:00:00,Meta,16+ agents,6,Setter A,Closer C
L-10942,2025-05-06 00:00:00,Meta,2-5 agents,5,Setter C,Closer B
L-10943,2025-05-02 00:00:00,LinkedIn,16+ agents,10,Setter A,Closer C
L-10944,2025-05-30 00:00:00,LinkedIn,Solo,10,Setter B,Closer B
L-10945,2025-06-27 00:00:00,Cold Outreach,Solo,3,Setter C,Closer A
L-10946,2025-03-28 00:00:00,Google Search,16+ agents,3,Setter A,Closer C
L-10947,2025-06-20 00:00:00,Google Search,Solo,8,Setter A,Closer B
L-10948,2025-05-27 00:00:00,Meta,6-15 agents,8,Setter C,Closer D
L-10949,2025-04-07 00:00:00,Google Search,Solo,6,Setter A,Closer D
L-10950,2025-05-09 00:00:00,LinkedIn,2-5 agents,9,Setter B,Closer B
L-10951,2025-02-09 00:00:00,TikTok,2-5 agents,2,Setter A,Closer D
L-10952,2025-04-06 00:00:00,Google Search,6-15 agents,7,Setter B,Closer A
L-10953,2025-06-29 00:00:00,LinkedIn,2-5 agents,7,Setter C,Closer B
L-10954,2025-06-20 00:00:00,Referral,16+ agents,9,Setter C,Closer B
L-10955,2025-02-24 00:00:00,Meta,16+ agents,5,Setter C,Closer D
L-10956,2025-03-19 00:00:00,Meta,Solo,6,Setter A,Closer A
L-10957,2025-05-18 00:00:00,Meta,6-15 agents,3,Setter C,Closer D
L-10958,2025-03-28 00:00:00,Meta,Solo,6,Setter C,Closer B
L-10959,2025-05-25 00:00:00,Meta,16+ agents,8,Setter A,Closer A
L-10960,2025-04-06 00:00:00,TikTok,16+ agents,5,Setter B,Closer A
L-10961,2025-03-10 00:00:00,TikTok,6-15 agents,4,Setter B,Closer C
L-10962,2025-04-05 00:00:00,Cold Outreach,16+ agents,5,Setter A,Closer D
L-10963,2025-05-11 00:00:00,Meta,Solo,6,Setter A,Closer B
L-10964,2025-02-16 00:00:00,Google Search,Solo,5,Setter B,Closer D
L-10965,2025-02-16 00:00:00,Meta,Solo,4,Setter A,Closer B
L-10966,2025-03-12 00:00:00,Google Search,Solo,5,Setter B,Closer D
L-10967,2025-01-23 00:00:00,Meta,16+ agents,7,Setter C,Closer C
L-10968,2025-05-26 00:00:00,Meta,2-5 agents,8,Setter B,Closer D
L-10969,2025-06-01 00:00:00,Meta,Solo,6,Setter C,Closer C
L-10970,2025-06-07 00:00:00,Google Search,Solo,6,Setter B,Closer A
L-10971,2025-05-08 00:00:00,Meta,Solo,4,Setter B,Closer A
L-10972,2025-06-29 00:00:00,LinkedIn,Solo,8,Setter A,Closer D
L-10973,2025-03-15 00:00:00,Google Search,2-5 agents,3,Setter B,Closer C
L-10974,2025-04-27 00:00:00,Meta,16+ agents,7,Setter C,Closer D
L-10975,2025-06-02 00:00:00,Google Search,6-15 agents,3,Setter C,Closer C
L-10976,2025-03-31 00:00:00,Meta,Solo,3,Setter B,Closer D
L-10977,2025-03-29 00:00:00,TikTok,6-15 agents,5,Setter B,Closer C
L-10978,2025-04-11 00:00:00,Meta,16+ agents,8,Setter B,Closer D
L-10979,2025-05-26 00:00:00,LinkedIn,6-15 agents,9,Setter C,Closer A
L-10980,2025-03-05 00:00:00,LinkedIn,2-5 agents,10,Setter C,Closer C
L-10981,2025-05-27 00:00:00,LinkedIn,2-5 agents,8,Setter B,Closer C
L-10982,2025-04-22 00:00:00,Cold Outreach,16+ agents,8,Setter A,Closer D
L-10983,2025-06-02 00:00:00,Meta,6-15 agents,5,Setter B,Closer D
L-10984,2025-03-07 00:00:00,Meta,2-5 agents,3,Setter B,Closer C
L-10985,2025-04-11 00:00:00,LinkedIn,Solo,9,Setter A,Closer B
L-10986,2025-04-22 00:00:00,LinkedIn,2-5 agents,9,Setter B,Closer D
L-10987,2025-04-30 00:00:00,Meta,16+ agents,3,Setter A,Closer C
L-10988,2025-02-01 00:00:00,Meta,6-15 agents,3,Setter A,Closer A
L-10989,2025-05-31 00:00:00,Meta,2-5 agents,8,Setter C,Closer A
L-10990,2025-03-08 00:00:00,Google Search,6-15 agents,6,Setter A,Closer C
L-10991,2025-05-17 00:00:00,Cold Outreach,6-15 agents,4,Setter B,Closer B
L-10992,2025-06-05 00:00:00,Referral,Solo,8,Setter B,Closer C
L-10993,2025-04-05 00:00:00,Meta,Solo,6,Setter B,Closer A
L-10994,2025-04-25 00:00:00,Google Search,6-15 agents,5,Setter A,Closer C
L-10995,2025-02-18 00:00:00,TikTok,6-15 agents,5,Setter A,Closer B
L-10996,2025-05-08 00:00:00,Meta,6-15 agents,4,Setter B,Closer D
L-10997,2025-04-25 00:00:00,LinkedIn,2-5 agents,7,Setter B,Closer A
L-10998,2025-05-10 00:00:00,Google Search,Solo,5,Setter B,Closer B
L-10999,2025-06-06 00:00:00,Google Search,16+ agents,7,Setter B,Closer C
L-11000,2025-04-05 00:00:00,Meta,16+ agents,3,Setter A,Closer D
L-11001,2025-05-24 00:00:00,Meta,2-5 agents,6,Setter B,Closer D
L-11002,2025-05-05 00:00:00,Meta,6-15 agents,3,Setter A,Closer D
L-11003,2025-01-27 00:00:00,Google Search,16+ agents,6,Setter A,Closer C
L-11004,2025-06-11 00:00:00,TikTok,16+ agents,5,Setter C,Closer C
L-11005,2025-03-14 00:00:00,Referral,Solo,10,Setter A,Closer B
L-11006,2025-04-25 00:00:00,Meta,16+ agents,7,Setter C,Closer B
L-11007,2025-03-17 00:00:00,Google Search,6-15 agents,7,Setter C,Closer D
L-11008,2025-05-19 00:00:00,Meta,6-15 agents,7,Setter C,Closer A
L-11009,2025-04-24 00:00:00,Cold Outreach,16+ agents,5,Setter B,Closer D
L-11010,2025-06-01 00:00:00,Google Search,2-5 agents,7,Setter A,Closer A
L-11011,2025-04-22 00:00:00,Meta,Solo,6,Setter C,Closer A
L-11012,2025-06-13 00:00:00,Meta,Solo,7,Setter C,Closer C
L-11013,2025-06-03 00:00:00,LinkedIn,2-5 agents,10,Setter A,Closer A
L-11014,2025-03-13 00:00:00,TikTok,16+ agents,2,Setter B,Closer C
L-11015,2025-03-20 00:00:00,Meta,16+ agents,4,Setter B,Closer A
L-11016,2025-01-29 00:00:00,Meta,6-15 agents,7,Setter B,Closer A
L-11017,2025-06-16 00:00:00,LinkedIn,Solo,10,Setter A,Closer D
L-11018,2025-02-23 00:00:00,Meta,6-15 agents,6,Setter C,Closer D
L-11019,2025-05-20 00:00:00,TikTok,16+ agents,2,Setter B,Closer D
L-11020,2025-02-02 00:00:00,Google Search,2-5 agents,8,Setter C,Closer B
L-11021,2025-05-01 00:00:00,Referral,16+ agents,10,Setter A,Closer A
L-11022,2025-02-16 00:00:00,LinkedIn,2-5 agents,8,Setter A,Closer D
L-11023,2025-06-08 00:00:00,TikTok,6-15 agents,3,Setter A,Closer D
L-11024,2025-04-25 00:00:00,Google Search,6-15 agents,4,Setter A,Closer C
L-11025,2025-03-21 00:00:00,Google Search,16+ agents,8,Setter B,Closer A
L-11026,2025-03-30 00:00:00,Meta,Solo,4,Setter B,Closer B
L-11027,2025-06-10 00:00:00,Meta,6-15 agents,5,Setter A,Closer B
L-11028,2025-06-04 00:00:00,Meta,6-15 agents,6,Setter B,Closer B
L-11029,2025-04-13 00:00:00,Meta,Solo,8,Setter B,Closer B
L-11030,2025-05-20 00:00:00,Google Search,6-15 agents,3,Setter A,Closer B
L-11031,2025-05-02 00:00:00,Meta,6-15 agents,4,Setter C,Closer B
L-11032,2025-02-10 00:00:00,TikTok,6-15 agents,3,Setter B,Closer A
L-11033,2025-04-22 00:00:00,Google Search,2-5 agents,8,Setter C,Closer C
L-11034,2025-04-26 00:00:00,Meta,16+ agents,8,Setter A,Closer C
L-11035,2025-04-24 00:00:00,Meta,2-5 agents,8,Setter A,Closer A
L-11036,2025-06-06 00:00:00,Meta,6-15 agents,3,Setter B,Closer D
L-11037,2025-01-27 00:00:00,Cold Outreach,6-15 agents,3,Setter C,Closer D
L-11038,2025-04-08 00:00:00,Meta,2-5 agents,4,Setter A,Closer B
L-11039,2025-04-22 00:00:00,Cold Outreach,16+ agents,7,Setter B,Closer A
L-11040,2025-06-04 00:00:00,TikTok,16+ agents,3,Setter C,Closer A
L-11041,2025-05-08 00:00:00,Meta,16+ agents,5,Setter A,Closer C
L-11042,2025-04-15 00:00:00,Meta,2-5 agents,5,Setter C,Closer C
L-11043,2025-05-12 00:00:00,Cold Outreach,2-5 agents,6,Setter C,Closer B
L-11044,2025-05-11 00:00:00,Google Search,6-15 agents,8,Setter B,Closer A
L-11045,2025-03-18 00:00:00,Google Search,16+ agents,4,Setter A,Closer A
L-11046,2025-02-07 00:00:00,Meta,Solo,5,Setter C,Closer A
L-11047,2025-05-14 00:00:00,Google Search,Solo,6,Setter C,Closer D
L-11048,2025-03-15 00:00:00,TikTok,2-5 agents,2,Setter C,Closer A
L-11049,2025-05-31 00:00:00,LinkedIn,6-15 agents,8,Setter B,Closer C
L-11050,2025-03-08 00:00:00,Meta,16+ agents,5,Setter A,Closer D
L-11051,2025-06-04 00:00:00,Meta,Solo,5,Setter C,Closer B
L-11052,2025-06-04 00:00:00,Meta,Solo,7,Setter B,Closer B
L-11053,2025-04-04 00:00:00,Google Search,6-15 agents,3,Setter B,Closer A
L-11054,2025-05-28 00:00:00,TikTok,2-5 agents,1,Setter C,Closer D
L-11055,2025-06-08 00:00:00,Meta,2-5 agents,3,Setter A,Closer A
L-11056,2025-06-13 00:00:00,Meta,Solo,4,Setter A,Closer C
L-11057,2025-05-21 00:00:00,TikTok,16+ agents,1,Setter B,Closer C
L-11058,2025-06-24 00:00:00,Referral,2-5 agents,9,Setter C,Closer D
L-11059,2025-04-05 00:00:00,Meta,16+ agents,3,Setter A,Closer B
L-11060,2025-04-29 00:00:00,TikTok,2-5 agents,1,Setter C,Closer C
L-11061,2025-06-26 00:00:00,Google Search,16+ agents,4,Setter B,Closer B
L-11062,2025-01-24 00:00:00,Cold Outreach,Solo,7,Setter C,Closer A
L-11063,2025-05-27 00:00:00,Referral,16+ agents,8,Setter B,Closer B
L-11064,2025-03-18 00:00:00,LinkedIn,6-15 agents,10,Setter C,Closer A
L-11065,2025-02-09 00:00:00,LinkedIn,Solo,9,Setter B,Closer A
L-11066,2025-06-15 00:00:00,Meta,Solo,3,Setter B,Closer A
L-11067,2025-05-26 00:00:00,Meta,6-15 agents,7,Setter B,Closer D
L-11068,2025-05-11 00:00:00,Meta,16+ agents,7,Setter B,Closer A
L-11069,2025-04-28 00:00:00,Google Search,6-15 agents,7,Setter A,Closer D
L-11070,2025-02-04 00:00:00,Referral,16+ agents,10,Setter A,Closer A
L-11071,2025-01-12 00:00:00,Google Search,2-5 agents,3,Setter C,Closer C
L-11072,2025-04-01 00:00:00,Google Search,Solo,8,Setter B,Closer A
L-11073,2025-03-20 00:00:00,TikTok,16+ agents,1,Setter A,Closer D
L-11074,2025-04-13 00:00:00,LinkedIn,6-15 agents,7,Setter C,Closer C
L-11075,2025-03-25 00:00:00,Meta,2-5 agents,7,Setter C,Closer C
L-11076,2025-06-05 00:00:00,LinkedIn,2-5 agents,10,Setter A,Closer C
L-11077,2025-02-28 00:00:00,Meta,16+ agents,6,Setter A,Closer C
L-11078,2025-05-13 00:00:00,Cold Outreach,Solo,7,Setter C,Closer A
L-11079,2025-06-09 00:00:00,Meta,16+ agents,4,Setter A,Closer D
L-11080,2025-06-04 00:00:00,TikTok,Solo,2,Setter B,Closer D
L-11081,2025-06-06 00:00:00,Cold Outreach,2-5 agents,6,Setter C,Closer C
L-11082,2025-05-13 00:00:00,Google Search,Solo,6,Setter B,Closer A
L-11083,2025-05-17 00:00:00,Meta,Solo,8,Setter A,Closer C
L-11084,2025-02-24 00:00:00,LinkedIn,6-15 agents,9,Setter B,Closer C
L-11085,2025-04-01 00:00:00,Meta,2-5 agents,7,Setter A,Closer A
L-11086,2025-02-04 00:00:00,Google Search,2-5 agents,8,Setter C,Closer A
L-11087,2025-03-19 00:00:00,LinkedIn,2-5 agents,10,Setter C,Closer A
L-11088,2025-02-11 00:00:00,LinkedIn,Solo,9,Setter A,Closer C
L-11089,2025-05-06 00:00:00,Meta,6-15 agents,4,Setter A,Closer A
L-11090,2025-04-30 00:00:00,Meta,16+ agents,4,Setter C,Closer D
L-11091,2025-04-21 00:00:00,Google Search,16+ agents,6,Setter C,Closer C
L-11092,2025-05-03 00:00:00,Google Search,2-5 agents,6,Setter A,Closer C
L-11093,2025-03-16 00:00:00,TikTok,2-5 agents,4,Setter A,Closer D
L-11094,2025-05-22 00:00:00,LinkedIn,2-5 agents,7,Setter B,Closer D
L-11095,2025-05-20 00:00:00,Google Search,2-5 agents,3,Setter A,Closer A
L-11096,2025-03-27 00:00:00,Google Search,16+ agents,7,Setter C,Closer B
L-11097,2025-06-12 00:00:00,Meta,2-5 agents,5,Setter C,Closer D
L-11098,2025-05-22 00:00:00,Cold Outreach,16+ agents,7,Setter A,Closer B
L-11099,2025-04-20 00:00:00,LinkedIn,Solo,7,Setter C,Closer D
L-11100,2025-05-31 00:00:00,Meta,Solo,5,Setter B,Closer D
L-11101,2025-03-30 00:00:00,Cold Outreach,16+ agents,6,Setter B,Closer D
L-11102,2025-06-17 00:00:00,Meta,2-5 agents,7,Setter B,Closer B
L-11103,2025-06-26 00:00:00,Meta,2-5 agents,6,Setter B,Closer B
L-11104,2025-06-19 00:00:00,Google Search,6-15 agents,3,Setter C,Closer A
L-11105,2025-05-18 00:00:00,Meta,2-5 agents,3,Setter B,Closer D
L-11106,2025-02-11 00:00:00,Google Search,6-15 agents,4,Setter C,Closer B
L-11107,2025-03-20 00:00:00,Meta,6-15 agents,7,Setter C,Closer C
L-11108,2025-06-03 00:00:00,TikTok,Solo,1,Setter B,Closer B
L-11109,2025-06-07 00:00:00,Meta,16+ agents,5,Setter A,Closer B
L-11110,2025-06-23 00:00:00,Google Search,2-5 agents,3,Setter A,Closer C
L-11111,2025-05-04 00:00:00,Referral,Solo,8,Setter A,Closer A
L-11112,2025-03-19 00:00:00,Meta,16+ agents,6,Setter B,Closer D
L-11113,2025-06-17 00:00:00,Meta,2-5 agents,4,Setter C,Closer C
L-11114,2025-04-27 00:00:00,LinkedIn,6-15 agents,7,Setter A,Closer D
L-11115,2025-03-13 00:00:00,LinkedIn,16+ agents,10,Setter B,Closer C
L-11116,2025-04-15 00:00:00,Cold Outreach,Solo,8,Setter C,Closer B
L-11117,2025-06-29 00:00:00,Google Search,16+ agents,8,Setter B,Closer A
L-11118,2025-03-21 00:00:00,Meta,2-5 agents,7,Setter A,Closer C
L-11119,2025-06-22 00:00:00,LinkedIn,16+ agents,9,Setter C,Closer C
L-11120,2025-06-11 00:00:00,Google Search,Solo,7,Setter A,Closer A
L-11121,2025-02-25 00:00:00,LinkedIn,16+ agents,9,Setter B,Closer B
L-11122,2025-05-29 00:00:00,Meta,2-5 agents,8,Setter A,Closer D
L-11123,2025-02-22 00:00:00,TikTok,6-15 agents,5,Setter A,Closer A
L-11124,2025-06-02 00:00:00,Google Search,Solo,6,Setter C,Closer D
L-11125,2025-06-25 00:00:00,TikTok,6-15 agents,4,Setter C,Closer C
L-11126,2025-04-11 00:00:00,Google Search,16+ agents,7,Setter A,Closer D
L-11127,2025-05-11 00:00:00,Referral,2-5 agents,9,Setter C,Closer A
L-11128,2025-04-04 00:00:00,TikTok,2-5 agents,1,Setter C,Closer A
L-11129,2025-06-04 00:00:00,Google Search,16+ agents,4,Setter B,Closer C
L-11130,2025-04-16 00:00:00,Cold Outreach,2-5 agents,8,Setter C,Closer C
L-11131,2025-02-18 00:00:00,Google Search,6-15 agents,8,Setter A,Closer B
L-11132,2025-06-14 00:00:00,TikTok,Solo,3,Setter A,Closer C
L-11133,2025-05-03 00:00:00,LinkedIn,16+ agents,10,Setter B,Closer C
L-11134,2025-05-23 00:00:00,Cold Outreach,6-15 agents,4,Setter C,Closer C
L-11135,2025-05-16 00:00:00,Meta,16+ agents,8,Setter C,Closer D
L-11136,2025-06-09 00:00:00,Cold Outreach,Solo,5,Setter C,Closer A
L-11137,2025-05-22 00:00:00,Meta,2-5 agents,4,Setter C,Closer A
L-11138,2025-04-19 00:00:00,Google Search,Solo,4,Setter A,Closer A
L-11139,2025-05-06 00:00:00,Meta,Solo,3,Setter C,Closer D
L-11140,2025-06-06 00:00:00,Google Search,Solo,8,Setter B,Closer D
L-11141,2025-05-01 00:00:00,Google Search,16+ agents,3,Setter C,Closer B
L-11142,2025-03-26 00:00:00,Google Search,16+ agents,6,Setter C,Closer B
L-11143,2025-06-17 00:00:00,Meta,Solo,6,Setter B,Closer B
L-11144,2025-06-09 00:00:00,Meta,2-5 agents,8,Setter A,Closer B
L-11145,2025-02-24 00:00:00,Cold Outreach,Solo,3,Setter C,Closer A
L-11146,2025-03-18 00:00:00,Meta,6-15 agents,8,Setter A,Closer C
L-11147,2025-06-28 00:00:00,Google Search,16+ agents,3,Setter A,Closer D
L-11148,2025-02-27 00:00:00,Cold Outreach,2-5 agents,5,Setter B,Closer B
L-11149,2025-03-19 00:00:00,Meta,6-15 agents,8,Setter C,Closer B
L-11150,2025-03-22 00:00:00,LinkedIn,16+ agents,9,Setter A,Closer A
L-11151,2025-04-05 00:00:00,Meta,16+ agents,6,Setter B,Closer B
L-11152,2025-06-07 00:00:00,Meta,16+ agents,3,Setter A,Closer A
L-11153,2025-06-19 00:00:00,Meta,2-5 agents,4,Setter B,Closer A
L-11154,2025-06-05 00:00:00,Meta,16+ agents,5,Setter A,Closer C
L-11155,2025-06-25 00:00:00,Cold Outreach,Solo,4,Setter B,Closer D
L-11156,2025-04-06 00:00:00,Cold Outreach,2-5 agents,4,Setter A,Closer C
L-11157,2025-01-20 00:00:00,Meta,2-5 agents,8,Setter C,Closer A
L-11158,2025-06-11 00:00:00,Google Search,2-5 agents,5,Setter C,Closer A
L-11159,2025-06-06 00:00:00,Google Search,Solo,5,Setter C,Closer C
L-11160,2025-02-26 00:00:00,Google Search,2-5 agents,8,Setter C,Closer D
L-11161,2025-06-13 00:00:00,LinkedIn,2-5 agents,7,Setter B,Closer D
L-11162,2025-05-11 00:00:00,Meta,2-5 agents,4,Setter C,Closer D
L-11163,2025-04-05 00:00:00,TikTok,16+ agents,2,Setter A,Closer D
L-11164,2025-04-16 00:00:00,Meta,2-5 agents,7,Setter C,Closer D
L-11165,2025-06-17 00:00:00,Meta,Solo,7,Setter C,Closer C
L-11166,2025-03-15 00:00:00,Meta,6-15 agents,8,Setter C,Closer A
L-11167,2025-05-26 00:00:00,TikTok,Solo,1,Setter C,Closer D
L-11168,2025-06-14 00:00:00,TikTok,2-5 agents,4,Setter B,Closer B
L-11169,2025-06-23 00:00:00,Meta,Solo,4,Setter A,Closer C
L-11170,2025-05-10 00:00:00,Meta,6-15 agents,8,Setter B,Closer D
L-11171,2025-05-06 00:00:00,Google Search,Solo,3,Setter C,Closer A
L-11172,2025-06-21 00:00:00,LinkedIn,16+ agents,9,Setter A,Closer D
L-11173,2025-03-01 00:00:00,Google Search,2-5 agents,3,Setter A,Closer B
L-11174,2025-06-17 00:00:00,Meta,2-5 agents,4,Setter C,Closer C
L-11175,2025-06-12 00:00:00,Cold Outreach,6-15 agents,3,Setter A,Closer A
L-11176,2025-06-14 00:00:00,Google Search,Solo,3,Setter C,Closer A
L-11177,2025-06-20 00:00:00,Meta,6-15 agents,7,Setter C,Closer B
L-11178,2025-06-21 00:00:00,Meta,16+ agents,5,Setter C,Closer D
L-11179,2025-05-26 00:00:00,Meta,2-5 agents,3,Setter C,Closer C
L-11180,2025-03-25 00:00:00,Meta,16+ agents,5,Setter A,Closer A
L-11181,2025-03-25 00:00:00,Meta,Solo,6,Setter C,Closer A
L-11182,2025-05-11 00:00:00,Google Search,6-15 agents,6,Setter B,Closer B
L-11183,2025-01-16 00:00:00,Referral,Solo,9,Setter A,Closer C
L-11184,2025-06-12 00:00:00,TikTok,2-5 agents,2,Setter A,Closer A
L-11185,2025-06-11 00:00:00,Google Search,2-5 agents,8,Setter A,Closer C
L-11186,2025-04-07 00:00:00,LinkedIn,Solo,7,Setter C,Closer B
L-11187,2025-05-07 00:00:00,Google Search,6-15 agents,8,Setter A,Closer C
L-11188,2025-06-13 00:00:00,Google Search,Solo,6,Setter C,Closer A
L-11189,2025-06-05 00:00:00,Google Search,Solo,3,Setter B,Closer D
L-11190,2025-03-14 00:00:00,Cold Outreach,6-15 agents,3,Setter C,Closer B
L-11191,2025-05-17 00:00:00,Google Search,6-15 agents,3,Setter C,Closer A
L-11192,2025-06-06 00:00:00,Cold Outreach,16+ agents,4,Setter A,Closer C
L-11193,2025-05-01 00:00:00,TikTok,16+ agents,2,Setter C,Closer D
L-11194,2025-06-14 00:00:00,Google Search,2-5 agents,6,Setter C,Closer A
L-11195,2025-05-25 00:00:00,Meta,6-15 agents,5,Setter A,Closer D
L-11196,2025-04-19 00:00:00,Google Search,6-15 agents,6,Setter B,Closer B
L-11197,2025-04-19 00:00:00,Cold Outreach,16+ agents,7,Setter C,Closer B
L-11198,2025-05-27 00:00:00,Cold Outreach,2-5 agents,4,Setter C,Closer D
L-11199,2025-03-15 00:00:00,Google Search,16+ agents,4,Setter C,Closer C
L-11200,2025-06-10 00:00:00,Meta,2-5 agents,4,Setter B,Closer B
L-11201,2025-04-09 00:00:00,Google Search,Solo,8,Setter A,Closer C
L-11202,2025-02-16 00:00:00,Meta,2-5 agents,8,Setter C,Closer B
L-11203,2025-04-17 00:00:00,Cold Outreach,2-5 agents,6,Setter A,Closer D
L-11204,2025-04-04 00:00:00,Meta,16+ agents,3,Setter C,Closer C
L-11205,2025-06-11 00:00:00,Cold Outreach,Solo,4,Setter C,Closer C
L-11206,2025-04-01 00:00:00,TikTok,2-5 agents,4,Setter C,Closer C
L-11207,2025-02-27 00:00:00,TikTok,Solo,5,Setter B,Closer A
L-11208,2025-03-25 00:00:00,LinkedIn,2-5 agents,10,Setter C,Closer C
L-11209,2025-01-17 00:00:00,Meta,2-5 agents,7,Setter C,Closer B
L-11210,2025-05-02 00:00:00,Google Search,Solo,3,Setter B,Closer A
L-11211,2025-02-26 00:00:00,Google Search,2-5 agents,4,Setter A,Closer C
L-11212,2025-03-21 00:00:00,Meta,2-5 agents,6,Setter C,Closer B
L-11213,2025-03-13 00:00:00,Meta,2-5 agents,8,Setter A,Closer D
L-11214,2025-03-23 00:00:00,LinkedIn,6-15 agents,7,Setter C,Closer B
L-11215,2025-03-30 00:00:00,TikTok,2-5 agents,4,Setter C,Closer D
L-11216,2025-06-27 00:00:00,Meta,2-5 agents,7,Setter C,Closer C
L-11217,2025-05-14 00:00:00,Meta,2-5 agents,7,Setter A,Closer B
L-11218,2025-05-13 00:00:00,Meta,2-5 agents,8,Setter A,Closer D
L-11219,2025-03-30 00:00:00,Meta,6-15 agents,6,Setter A,Closer C
L-11220,2025-05-09 00:00:00,Meta,Solo,3,Setter A,Closer A
L-11221,2025-06-08 00:00:00,LinkedIn,2-5 agents,10,Setter C,Closer A
L-11222,2025-04-11 00:00:00,Google Search,16+ agents,3,Setter B,Closer B
L-11223,2025-05-05 00:00:00,Meta,6-15 agents,3,Setter B,Closer C
L-11224,2025-03-13 00:00:00,LinkedIn,6-15 agents,7,Setter B,Closer D
L-11225,2025-02-26 00:00:00,Meta,16+ agents,5,Setter A,Closer A
L-11226,2025-06-22 00:00:00,Meta,2-5 agents,7,Setter B,Closer C
L-11227,2025-05-27 00:00:00,Meta,6-15 agents,3,Setter C,Closer C
L-11228,2025-02-17 00:00:00,Meta,2-5 agents,5,Setter B,Closer B
L-11229,2025-04-10 00:00:00,Meta,6-15 agents,7,Setter A,Closer D
L-11230,2025-05-05 00:00:00,TikTok,16+ agents,5,Setter A,Closer B
L-11231,2025-06-28 00:00:00,Meta,Solo,8,Setter C,Closer C
L-11232,2025-05-23 00:00:00,Meta,16+ agents,5,Setter A,Closer C
L-11233,2025-04-10 00:00:00,Meta,Solo,5,Setter B,Closer A
L-11234,2025-06-09 00:00:00,Cold Outreach,2-5 agents,3,Setter B,Closer D
L-11235,2025-03-03 00:00:00,TikTok,6-15 agents,3,Setter C,Closer A
L-11236,2025-05-18 00:00:00,TikTok,2-5 agents,4,Setter C,Closer C
L-11237,2025-04-10 00:00:00,TikTok,2-5 agents,2,Setter A,Closer C
L-11238,2025-03-24 00:00:00,Cold Outreach,Solo,5,Setter A,Closer C
L-11239,2025-05-27 00:00:00,LinkedIn,16+ agents,9,Setter B,Closer D
L-11240,2025-06-10 00:00:00,LinkedIn,6-15 agents,10,Setter A,Closer A
L-11241,2025-06-02 00:00:00,Meta,6-15 agents,6,Setter A,Closer D
L-11242,2025-04-02 00:00:00,Google Search,6-15 agents,8,Setter A,Closer D
L-11243,2025-04-20 00:00:00,Cold Outreach,Solo,6,Setter B,Closer B
L-11244,2025-06-19 00:00:00,Referral,2-5 agents,8,Setter C,Closer A
L-11245,2025-06-12 00:00:00,Meta,Solo,6,Setter C,Closer D
L-11246,2025-06-12 00:00:00,Meta,2-5 agents,4,Setter B,Closer D
L-11247,2025-06-16 00:00:00,Google Search,6-15 agents,7,Setter A,Closer B
L-11248,2025-06-29 00:00:00,Google Search,16+ agents,7,Setter A,Closer B
L-11249,2025-03-01 00:00:00,Meta,Solo,6,Setter B,Closer D
L-11250,2025-06-20 00:00:00,TikTok,Solo,2,Setter C,Closer D
L-11251,2025-03-28 00:00:00,Google Search,16+ agents,4,Setter C,Closer D
L-11252,2025-05-05 00:00:00,Meta,6-15 agents,3,Setter B,Closer D
L-11253,2025-03-22 00:00:00,Meta,16+ agents,8,Setter C,Closer A
L-11254,2025-04-24 00:00:00,TikTok,Solo,3,Setter A,Closer D
L-11255,2025-06-27 00:00:00,Google Search,2-5 agents,8,Setter B,Closer B
L-11256,2025-04-16 00:00:00,Meta,Solo,8,Setter C,Closer D
L-11257,2025-06-29 00:00:00,Google Search,16+ agents,5,Setter B,Closer C
L-11258,2025-03-20 00:00:00,Google Search,2-5 agents,7,Setter A,Closer C
L-11259,2025-06-15 00:00:00,Google Search,2-5 agents,7,Setter C,Closer D
L-11260,2025-04-14 00:00:00,Meta,Solo,6,Setter C,Closer C
L-11261,2025-05-23 00:00:00,LinkedIn,16+ agents,10,Setter A,Closer C
L-11262,2025-05-21 00:00:00,Google Search,Solo,7,Setter C,Closer D
L-11263,2025-01-27 00:00:00,TikTok,16+ agents,1,Setter B,Closer D
L-11264,2025-05-13 00:00:00,Meta,6-15 agents,3,Setter B,Closer C
L-11265,2025-06-19 00:00:00,Meta,6-15 agents,5,Setter C,Closer D
L-11266,2025-06-06 00:00:00,Google Search,Solo,7,Setter C,Closer C
L-11267,2025-01-25 00:00:00,TikTok,16+ agents,1,Setter C,Closer C
L-11268,2025-02-09 00:00:00,LinkedIn,16+ agents,9,Setter A,Closer D
L-11269,2025-06-29 00:00:00,Meta,16+ agents,3,Setter A,Closer B
L-11270,2025-03-22 00:00:00,Cold Outreach,Solo,5,Setter A,Closer B
L-11271,2025-05-11 00:00:00,Meta,2-5 agents,3,Setter C,Closer B
L-11272,2025-04-23 00:00:00,Google Search,6-15 agents,4,Setter A,Closer C
L-11273,2025-05-10 00:00:00,Google Search,Solo,5,Setter B,Closer A
L-11274,2025-01-26 00:00:00,Meta,Solo,8,Setter A,Closer D
L-11275,2025-04-22 00:00:00,Cold Outreach,6-15 agents,7,Setter A,Closer A
L-11276,2025-05-06 00:00:00,Referral,6-15 agents,10,Setter C,Closer B
L-11277,2025-03-10 00:00:00,Meta,6-15 agents,7,Setter A,Closer B
L-11278,2025-04-11 00:00:00,LinkedIn,Solo,8,Setter B,Closer D
L-11279,2025-06-13 00:00:00,Referral,6-15 agents,10,Setter A,Closer D
L-11280,2025-03-07 00:00:00,Meta,Solo,3,Setter A,Closer D
L-11281,2025-05-08 00:00:00,LinkedIn,6-15 agents,8,Setter B,Closer C
L-11282,2025-02-02 00:00:00,LinkedIn,6-15 agents,8,Setter B,Closer A
L-11283,2025-03-04 00:00:00,Cold Outreach,Solo,6,Setter C,Closer A
L-11284,2025-06-04 00:00:00,LinkedIn,2-5 agents,7,Setter A,Closer C
L-11285,2025-04-08 00:00:00,Meta,2-5 agents,3,Setter B,Closer D
L-11286,2025-06-20 00:00:00,Referral,Solo,8,Setter B,Closer C
L-11287,2025-05-13 00:00:00,Meta,16+ agents,7,Setter B,Closer D
L-11288,2025-02-20 00:00:00,TikTok,16+ agents,2,Setter B,Closer C
L-11289,2025-02-21 00:00:00,TikTok,Solo,4,Setter A,Closer D
L-11290,2025-06-23 00:00:00,LinkedIn,16+ agents,7,Setter A,Closer C
L-11291,2025-04-10 00:00:00,Google Search,2-5 agents,8,Setter A,Closer A
L-11292,2025-06-27 00:00:00,LinkedIn,6-15 agents,7,Setter B,Closer B
L-11293,2025-05-25 00:00:00,Meta,2-5 agents,6,Setter B,Closer A
L-11294,2025-05-15 00:00:00,Google Search,6-15 agents,4,Setter B,Closer A
L-11295,2025-04-27 00:00:00,Meta,16+ agents,4,Setter B,Closer B
L-11296,2025-06-20 00:00:00,Meta,Solo,5,Setter B,Closer C
L-11297,2025-06-04 00:00:00,TikTok,Solo,4,Setter B,Closer B
L-11298,2025-06-01 00:00:00,Cold Outreach,2-5 agents,8,Setter A,Closer D
L-11299,2025-02-22 00:00:00,Meta,16+ agents,4,Setter B,Closer B
L-11300,2025-06-16 00:00:00,Google Search,16+ agents,4,Setter C,Closer A
L-11301,2025-02-10 00:00:00,LinkedIn,6-15 agents,9,Setter A,Closer D
L-11302,2025-04-07 00:00:00,Meta,2-5 agents,8,Setter B,Closer D
L-11303,2025-05-17 00:00:00,Google Search,2-5 agents,8,Setter B,Closer A
L-11304,2025-06-26 00:00:00,Google Search,6-15 agents,8,Setter C,Closer C
L-11305,2025-05-29 00:00:00,Meta,6-15 agents,3,Setter B,Closer B
L-11306,2025-06-06 00:00:00,Meta,2-5 agents,3,Setter B,Closer C
L-11307,2025-03-23 00:00:00,Google Search,6-15 agents,5,Setter B,Closer A
L-11308,2025-02-21 00:00:00,Meta,Solo,5,Setter B,Closer A
L-11309,2025-03-17 00:00:00,LinkedIn,2-5 agents,10,Setter A,Closer C
L-11310,2025-06-22 00:00:00,Referral,2-5 agents,10,Setter C,Closer D
L-11311,2025-03-16 00:00:00,Meta,16+ agents,7,Setter B,Closer A
L-11312,2025-04-26 00:00:00,Meta,2-5 agents,6,Setter B,Closer A
L-11313,2025-03-02 00:00:00,Cold Outreach,Solo,3,Setter C,Closer A
L-11314,2025-02-19 00:00:00,Meta,2-5 agents,4,Setter A,Closer D
L-11315,2025-04-16 00:00:00,Google Search,2-5 agents,3,Setter C,Closer B
L-11316,2025-05-18 00:00:00,Meta,2-5 agents,8,Setter C,Closer B
L-11317,2025-03-05 00:00:00,TikTok,Solo,5,Setter A,Closer C
L-11318,2025-06-27 00:00:00,Meta,Solo,6,Setter B,Closer C
L-11319,2025-05-22 00:00:00,Google Search,6-15 agents,7,Setter C,Closer D
L-11320,2025-02-16 00:00:00,LinkedIn,16+ agents,10,Setter B,Closer C
L-11321,2025-03-02 00:00:00,Google Search,6-15 agents,8,Setter A,Closer A
L-11322,2025-04-30 00:00:00,Meta,Solo,5,Setter A,Closer C
L-11323,2025-02-26 00:00:00,Cold Outreach,2-5 agents,3,Setter B,Closer A
L-11324,2025-05-17 00:00:00,Google Search,6-15 agents,6,Setter B,Closer A
L-11325,2025-06-26 00:00:00,Meta,Solo,7,Setter A,Closer B
L-11326,2025-04-16 00:00:00,Meta,16+ agents,7,Setter C,Closer A
L-11327,2025-06-18 00:00:00,Google Search,16+ agents,8,Setter A,Closer D
L-11328,2025-05-29 00:00:00,Meta,2-5 agents,3,Setter C,Closer D
L-11329,2025-01-31 00:00:00,TikTok,6-15 agents,3,Setter B,Closer B
L-11330,2025-06-19 00:00:00,LinkedIn,16+ agents,9,Setter B,Closer C
L-11331,2025-05-03 00:00:00,Google Search,2-5 agents,7,Setter A,Closer B
L-11332,2025-06-29 00:00:00,Google Search,2-5 agents,5,Setter A,Closer A
L-11333,2025-03-13 00:00:00,Google Search,Solo,7,Setter C,Closer B
L-11334,2025-06-12 00:00:00,TikTok,2-5 agents,1,Setter A,Closer C
L-11335,2025-06-21 00:00:00,Meta,6-15 agents,8,Setter A,Closer B
L-11336,2025-01-28 00:00:00,TikTok,6-15 agents,1,Setter B,Closer C
L-11337,2025-03-13 00:00:00,Meta,16+ agents,6,Setter B,Closer C
L-11338,2025-05-10 00:00:00,Meta,Solo,6,Setter A,Closer C
L-11339,2025-04-09 00:00:00,LinkedIn,16+ agents,9,Setter A,Closer A
L-11340,2025-06-24 00:00:00,Google Search,2-5 agents,8,Setter A,Closer C
L-11341,2025-03-03 00:00:00,Meta,16+ agents,7,Setter B,Closer A
L-11342,2025-06-21 00:00:00,Google Search,6-15 agents,3,Setter A,Closer D
L-11343,2025-04-13 00:00:00,TikTok,16+ agents,2,Setter B,Closer B
L-11344,2025-05-28 00:00:00,LinkedIn,Solo,8,Setter C,Closer A
L-11345,2025-05-31 00:00:00,LinkedIn,Solo,8,Setter C,Closer A
L-11346,2025-06-11 00:00:00,TikTok,16+ agents,1,Setter A,Closer C
L-11347,2025-06-24 00:00:00,Google Search,16+ agents,5,Setter A,Closer C
L-11348,2025-06-10 00:00:00,TikTok,Solo,5,Setter B,Closer C
L-11349,2025-05-02 00:00:00,Google Search,2-5 agents,8,Setter C,Closer B
L-11350,2025-03-22 00:00:00,LinkedIn,6-15 agents,8,Setter C,Closer A
L-11351,2025-05-01 00:00:00,Google Search,6-15 agents,6,Setter C,Closer C
L-11352,2025-05-18 00:00:00,Google Search,Solo,3,Setter C,Closer D
L-11353,2025-05-05 00:00:00,Meta,6-15 agents,5,Setter A,Closer C
L-11354,2025-02-28 00:00:00,LinkedIn,2-5 agents,10,Setter C,Closer C
L-11355,2025-03-31 00:00:00,Referral,6-15 agents,10,Setter B,Closer A
L-11356,2025-05-05 00:00:00,LinkedIn,2-5 agents,9,Setter B,Closer B
L-11357,2025-05-29 00:00:00,Meta,6-15 agents,8,Setter C,Closer D
L-11358,2025-06-25 00:00:00,TikTok,6-15 agents,5,Setter C,Closer B
L-11359,2025-03-22 00:00:00,Meta,6-15 agents,5,Setter C,Closer C
L-11360,2025-01-12 00:00:00,TikTok,6-15 agents,5,Setter C,Closer A
L-11361,2025-05-02 00:00:00,Meta,16+ agents,5,Setter B,Closer A
L-11362,2025-06-10 00:00:00,Meta,6-15 agents,3,Setter A,Closer C
L-11363,2025-02-25 00:00:00,Referral,Solo,9,Setter A,Closer C
L-11364,2025-06-21 00:00:00,Meta,6-15 agents,6,Setter C,Closer A
L-11365,2025-06-27 00:00:00,Meta,16+ agents,8,Setter A,Closer C
L-11366,2025-06-26 00:00:00,Google Search,Solo,8,Setter B,Closer B
L-11367,2025-06-05 00:00:00,TikTok,2-5 agents,4,Setter A,Closer D
L-11368,2025-06-28 00:00:00,Google Search,6-15 agents,5,Setter C,Closer D
L-11369,2025-02-27 00:00:00,TikTok,Solo,1,Setter B,Closer D
L-11370,2025-05-11 00:00:00,Google Search,6-15 agents,7,Setter A,Closer D
L-11371,2025-03-19 00:00:00,Meta,2-5 agents,8,Setter A,Closer B
L-11372,2025-04-24 00:00:00,Google Search,6-15 agents,4,Setter C,Closer B
L-11373,2025-06-23 00:00:00,Cold Outreach,2-5 agents,4,Setter B,Closer C
L-11374,2025-06-11 00:00:00,Google Search,2-5 agents,5,Setter C,Closer C
L-11375,2025-03-31 00:00:00,Referral,16+ agents,10,Setter C,Closer C
L-11376,2025-04-15 00:00:00,Cold Outreach,6-15 agents,4,Setter B,Closer D
L-11377,2025-06-05 00:00:00,Meta,Solo,6,Setter B,Closer A
L-11378,2025-06-09 00:00:00,Meta,16+ agents,7,Setter C,Closer A
L-11379,2025-06-03 00:00:00,TikTok,Solo,2,Setter B,Closer B
L-11380,2025-03-02 00:00:00,TikTok,2-5 agents,4,Setter A,Closer B
L-11381,2025-06-09 00:00:00,Meta,Solo,5,Setter A,Closer D
L-11382,2025-06-18 00:00:00,Google Search,2-5 agents,7,Setter B,Closer D
L-11383,2025-04-08 00:00:00,Google Search,2-5 agents,5,Setter B,Closer B
L-11384,2025-03-16 00:00:00,Meta,Solo,3,Setter A,Closer B
L-11385,2025-06-03 00:00:00,Google Search,Solo,4,Setter B,Closer B
L-11386,2025-03-27 00:00:00,TikTok,16+ agents,2,Setter B,Closer B
L-11387,2025-06-13 00:00:00,Meta,16+ agents,8,Setter B,Closer B
L-11388,2025-04-13 00:00:00,Meta,16+ agents,8,Setter B,Closer D
L-11389,2025-03-28 00:00:00,Google Search,16+ agents,3,Setter B,Closer A
L-11390,2025-03-21 00:00:00,Cold Outreach,6-15 agents,7,Setter A,Closer B
L-11391,2025-05-30 00:00:00,LinkedIn,Solo,10,Setter C,Closer D
L-11392,2025-05-25 00:00:00,Meta,16+ agents,3,Setter C,Closer D
L-11393,2025-05-29 00:00:00,Google Search,2-5 agents,4,Setter B,Closer D
L-11394,2025-06-09 00:00:00,TikTok,16+ agents,3,Setter C,Closer D
L-11395,2025-04-03 00:00:00,Meta,6-15 agents,5,Setter A,Closer C
L-11396,2025-05-18 00:00:00,Google Search,6-15 agents,3,Setter B,Closer A
L-11397,2025-05-29 00:00:00,Meta,2-5 agents,7,Setter B,Closer C
L-11398,2025-04-01 00:00:00,Google Search,2-5 agents,8,Setter B,Closer B
L-11399,2025-06-06 00:00:00,Meta,16+ agents,4,Setter A,Closer D
L-11400,2025-03-10 00:00:00,LinkedIn,6-15 agents,9,Setter B,Closer D
L-11401,2025-05-27 00:00:00,Meta,2-5 agents,5,Setter A,Closer B
L-11402,2025-01-11 00:00:00,Google Search,Solo,3,Setter A,Closer B
L-11403,2025-05-14 00:00:00,Google Search,2-5 agents,6,Setter B,Closer A
L-11404,2025-04-03 00:00:00,Meta,6-15 agents,7,Setter C,Closer D
L-11405,2025-06-06 00:00:00,Google Search,2-5 agents,7,Setter A,Closer D
L-11406,2025-05-26 00:00:00,Google Search,2-5 agents,4,Setter A,Closer C
L-11407,2025-04-17 00:00:00,Google Search,2-5 agents,3,Setter A,Closer D
L-11408,2025-02-11 00:00:00,Google Search,16+ agents,4,Setter A,Closer D
L-11409,2025-03-28 00:00:00,Meta,16+ agents,8,Setter C,Closer D
L-11410,2025-05-30 00:00:00,TikTok,16+ agents,5,Setter B,Closer D
L-11411,2025-06-13 00:00:00,TikTok,16+ agents,4,Setter B,Closer B
L-11412,2025-03-21 00:00:00,TikTok,6-15 agents,3,Setter B,Closer B
L-11413,2025-03-24 00:00:00,Meta,Solo,3,Setter A,Closer B
L-11414,2025-04-02 00:00:00,Google Search,16+ agents,3,Setter B,Closer D
L-11415,2025-05-25 00:00:00,Google Search,6-15 agents,3,Setter A,Closer C
L-11416,2025-06-10 00:00:00,Meta,16+ agents,3,Setter A,Closer B
L-11417,2025-06-12 00:00:00,Meta,2-5 agents,5,Setter C,Closer A
L-11418,2025-03-04 00:00:00,Meta,16+ agents,5,Setter C,Closer A
L-11419,2025-03-06 00:00:00,Meta,Solo,7,Setter B,Closer C
L-11420,2025-05-19 00:00:00,Meta,16+ agents,3,Setter C,Closer C
L-11421,2025-02-23 00:00:00,Meta,2-5 agents,8,Setter B,Closer D
L-11422,2025-05-12 00:00:00,Referral,16+ agents,10,Setter B,Closer C
L-11423,2025-03-30 00:00:00,Cold Outreach,6-15 agents,6,Setter A,Closer B
L-11424,2025-06-21 00:00:00,TikTok,Solo,5,Setter A,Closer B
L-11425,2025-06-13 00:00:00,Meta,Solo,5,Setter C,Closer D
L-11426,2025-05-30 00:00:00,TikTok,2-5 agents,3,Setter B,Closer D
L-11427,2025-04-21 00:00:00,Meta,Solo,8,Setter A,Closer D
L-11428,2025-06-07 00:00:00,Referral,Solo,10,Setter A,Closer A
L-11429,2025-05-28 00:00:00,Google Search,16+ agents,8,Setter B,Closer C
L-11430,2025-05-28 00:00:00,TikTok,2-5 agents,2,Setter B,Closer B
L-11431,2025-04-19 00:00:00,Meta,Solo,3,Setter C,Closer A
L-11432,2025-05-10 00:00:00,Google Search,16+ agents,6,Setter A,Closer C
L-11433,2025-05-30 00:00:00,TikTok,6-15 agents,4,Setter A,Closer D
L-11434,2025-01-30 00:00:00,TikTok,16+ agents,5,Setter B,Closer A
L-11435,2025-04-13 00:00:00,LinkedIn,6-15 agents,8,Setter A,Closer D
L-11436,2025-04-12 00:00:00,Meta,Solo,3,Setter A,Closer C
L-11437,2025-05-08 00:00:00,Referral,6-15 agents,9,Setter C,Closer C
L-11438,2025-06-11 00:00:00,Google Search,6-15 agents,6,Setter B,Closer A
L-11439,2025-05-08 00:00:00,Meta,6-15 agents,7,Setter C,Closer C
L-11440,2025-04-29 00:00:00,Meta,Solo,6,Setter C,Closer B
L-11441,2025-01-16 00:00:00,LinkedIn,6-15 agents,9,Setter C,Closer C
L-11442,2025-06-20 00:00:00,Cold Outreach,Solo,4,Setter C,Closer C
L-11443,2025-05-18 00:00:00,Meta,6-15 agents,3,Setter A,Closer D
L-11444,2025-04-17 00:00:00,Google Search,2-5 agents,8,Setter A,Closer A
L-11445,2025-01-21 00:00:00,Google Search,16+ agents,4,Setter C,Closer D
L-11446,2025-05-26 00:00:00,LinkedIn,16+ agents,8,Setter C,Closer B
L-11447,2025-03-24 00:00:00,LinkedIn,6-15 agents,9,Setter A,Closer A
L-11448,2025-05-16 00:00:00,Meta,Solo,4,Setter C,Closer D
L-11449,2025-03-03 00:00:00,Google Search,6-15 agents,6,Setter A,Closer D
L-11450,2025-03-07 00:00:00,Meta,Solo,4,Setter A,Closer B
L-11451,2025-06-21 00:00:00,Cold Outreach,Solo,6,Setter B,Closer A
L-11452,2025-01-26 00:00:00,Google Search,Solo,8,Setter C,Closer D
L-11453,2025-06-24 00:00:00,Referral,6-15 agents,10,Setter A,Closer A
L-11454,2025-04-12 00:00:00,Google Search,Solo,5,Setter B,Closer C
L-11455,2025-02-26 00:00:00,Meta,2-5 agents,3,Setter A,Closer D
L-11456,2025-06-22 00:00:00,TikTok,Solo,4,Setter A,Closer C
L-11457,2025-05-18 00:00:00,Google Search,6-15 agents,6,Setter A,Closer A
L-11458,2025-03-05 00:00:00,Google Search,16+ agents,4,Setter C,Closer A
L-11459,2025-06-06 00:00:00,Google Search,2-5 agents,5,Setter A,Closer C
L-11460,2025-05-04 00:00:00,Meta,6-15 agents,7,Setter A,Closer A
L-11461,2025-03-21 00:00:00,Google Search,2-5 agents,7,Setter A,Closer B
L-11462,2025-04-18 00:00:00,Google Search,2-5 agents,4,Setter A,Closer B
L-11463,2025-02-15 00:00:00,Cold Outreach,Solo,8,Setter A,Closer B
L-11464,2025-01-30 00:00:00,Meta,6-15 agents,7,Setter C,Closer A
L-11465,2025-05-19 00:00:00,Google Search,6-15 agents,3,Setter A,Closer B
L-11466,2025-05-03 00:00:00,Meta,6-15 agents,4,Setter C,Closer B
L-11467,2025-06-18 00:00:00,Meta,16+ agents,6,Setter A,Closer C
L-11468,2025-05-27 00:00:00,Cold Outreach,Solo,8,Setter A,Closer D
L-11469,2025-06-25 00:00:00,Meta,2-5 agents,6,Setter B,Closer B
L-11470,2025-05-16 00:00:00,TikTok,16+ agents,2,Setter A,Closer B
L-11471,2025-03-25 00:00:00,TikTok,6-15 agents,4,Setter A,Closer D
L-11472,2025-03-11 00:00:00,Google Search,2-5 agents,5,Setter C,Closer C
L-11473,2025-05-05 00:00:00,TikTok,2-5 agents,5,Setter B,Closer D
L-11474,2025-05-16 00:00:00,Meta,Solo,8,Setter B,Closer B
L-11475,2025-05-05 00:00:00,Google Search,2-5 agents,3,Setter B,Closer D
L-11476,2025-04-09 00:00:00,Referral,16+ agents,10,Setter A,Closer A
L-11477,2025-04-06 00:00:00,TikTok,16+ agents,2,Setter C,Closer C
L-11478,2025-05-04 00:00:00,Referral,Solo,8,Setter B,Closer D
L-11479,2025-02-22 00:00:00,Google Search,6-15 agents,7,Setter B,Closer A
L-11480,2025-06-19 00:00:00,Meta,Solo,6,Setter B,Closer D
L-11481,2025-06-10 00:00:00,Meta,6-15 agents,6,Setter C,Closer D
L-11482,2025-04-27 00:00:00,Google Search,6-15 agents,3,Setter A,Closer C
L-11483,2025-06-11 00:00:00,Referral,6-15 agents,10,Setter A,Closer B
L-11484,2025-04-26 00:00:00,Google Search,2-5 agents,4,Setter B,Closer D
L-11485,2025-05-15 00:00:00,Meta,6-15 agents,6,Setter B,Closer C
L-11486,2025-04-03 00:00:00,TikTok,Solo,5,Setter B,Closer D
L-11487,2025-03-25 00:00:00,TikTok,16+ agents,5,Setter A,Closer D
L-11488,2025-05-12 00:00:00,Cold Outreach,2-5 agents,4,Setter A,Closer D
L-11489,2025-04-18 00:00:00,TikTok,2-5 agents,1,Setter A,Closer A
L-11490,2025-05-30 00:00:00,LinkedIn,16+ agents,9,Setter B,Closer A
L-11491,2025-05-05 00:00:00,LinkedIn,Solo,9,Setter B,Closer D
L-11492,2025-04-22 00:00:00,Meta,Solo,8,Setter A,Closer A
L-11493,2025-04-24 00:00:00,Meta,6-15 agents,6,Setter B,Closer C
L-11494,2025-06-23 00:00:00,Meta,16+ agents,3,Setter A,Closer B
L-11495,2025-05-30 00:00:00,Meta,16+ agents,5,Setter B,Closer A
L-11496,2025-05-02 00:00:00,Meta,Solo,5,Setter B,Closer A
L-11497,2025-06-02 00:00:00,Referral,16+ agents,9,Setter C,Closer B
L-11498,2025-05-17 00:00:00,Meta,2-5 agents,4,Setter C,Closer B
L-11499,2025-06-25 00:00:00,Meta,Solo,8,Setter B,Closer C
L-11500,2025-05-23 00:00:00,Meta,16+ agents,7,Setter B,Closer C
L-11501,2025-05-16 00:00:00,Cold Outreach,6-15 agents,7,Setter A,Closer D
L-11502,2025-06-06 00:00:00,Meta,2-5 agents,4,Setter B,Closer A
L-11503,2025-01-20 00:00:00,Meta,Solo,5,Setter A,Closer D
L-11504,2025-05-23 00:00:00,Meta,16+ agents,3,Setter A,Closer A
L-11505,2025-03-26 00:00:00,Meta,2-5 agents,8,Setter A,Closer C
L-11506,2025-06-15 00:00:00,Cold Outreach,2-5 agents,7,Setter A,Closer B
L-11507,2025-06-17 00:00:00,TikTok,2-5 agents,5,Setter B,Closer A
L-11508,2025-06-24 00:00:00,Google Search,2-5 agents,4,Setter B,Closer D
L-11509,2025-04-03 00:00:00,Google Search,Solo,4,Setter A,Closer D
L-11510,2025-06-19 00:00:00,Google Search,2-5 agents,6,Setter A,Closer D
L-11511,2025-05-11 00:00:00,Meta,16+ agents,7,Setter C,Closer D
L-11512,2025-05-24 00:00:00,Meta,16+ agents,6,Setter B,Closer B
L-11513,2025-02-26 00:00:00,Google Search,2-5 agents,7,Setter A,Closer C
L-11514,2025-05-08 00:00:00,TikTok,16+ agents,5,Setter B,Closer B
L-11515,2025-05-18 00:00:00,Google Search,Solo,4,Setter A,Closer D
L-11516,2025-06-28 00:00:00,TikTok,16+ agents,1,Setter C,Closer D
L-11517,2025-02-17 00:00:00,Cold Outreach,6-15 agents,6,Setter C,Closer B
L-11518,2025-06-02 00:00:00,LinkedIn,16+ agents,8,Setter A,Closer A
L-11519,2025-03-25 00:00:00,Meta,6-15 agents,4,Setter C,Closer A
L-11520,2025-06-17 00:00:00,Google Search,2-5 agents,5,Setter C,Closer B
L-11521,2025-03-10 00:00:00,Meta,Solo,7,Setter B,Closer D
L-11522,2025-05-21 00:00:00,Google Search,6-15 agents,5,Setter B,Closer B
L-11523,2025-06-24 00:00:00,Cold Outreach,16+ agents,5,Setter C,Closer C
L-11524,2025-05-13 00:00:00,Google Search,6-15 agents,5,Setter A,Closer A
L-11525,2025-05-08 00:00:00,Referral,16+ agents,10,Setter A,Closer C
L-11526,2025-03-29 00:00:00,TikTok,Solo,1,Setter B,Closer B
L-11527,2025-03-30 00:00:00,Meta,6-15 agents,5,Setter B,Closer C
L-11528,2025-04-24 00:00:00,Google Search,Solo,8,Setter B,Closer A
L-11529,2025-02-11 00:00:00,Google Search,Solo,8,Setter C,Closer D
L-11530,2025-03-27 00:00:00,TikTok,16+ agents,3,Setter C,Closer A
L-11531,2025-05-20 00:00:00,TikTok,6-15 agents,5,Setter A,Closer B
L-11532,2025-03-12 00:00:00,Google Search,16+ agents,3,Setter A,Closer A
L-11533,2025-04-29 00:00:00,Meta,16+ agents,4,Setter A,Closer B
L-11534,2025-05-21 00:00:00,TikTok,Solo,3,Setter A,Closer A
L-11535,2025-03-07 00:00:00,LinkedIn,Solo,10,Setter C,Closer A
L-11536,2025-03-18 00:00:00,Meta,Solo,8,Setter B,Closer D
L-11537,2025-05-07 00:00:00,Google Search,6-15 agents,4,Setter B,Closer B
L-11538,2025-06-08 00:00:00,Meta,6-15 agents,6,Setter B,Closer B
L-11539,2025-05-29 00:00:00,Meta,6-15 agents,4,Setter C,Closer D
L-11540,2025-03-13 00:00:00,TikTok,Solo,5,Setter B,Closer D
L-11541,2025-05-22 00:00:00,Meta,2-5 agents,8,Setter C,Closer A
L-11542,2025-06-18 00:00:00,Cold Outreach,16+ agents,6,Setter C,Closer C
L-11543,2025-06-26 00:00:00,Google Search,6-15 agents,8,Setter B,Closer B
L-11544,2025-05-07 00:00:00,Meta,2-5 agents,8,Setter C,Closer C
L-11545,2025-06-02 00:00:00,LinkedIn,6-15 agents,7,Setter A,Closer C
L-11546,2025-03-31 00:00:00,LinkedIn,2-5 agents,10,Setter C,Closer D
L-11547,2025-05-09 00:00:00,Cold Outreach,2-5 agents,8,Setter C,Closer C
L-11548,2025-06-03 00:00:00,Google Search,2-5 agents,6,Setter C,Closer C
L-11549,2025-04-17 00:00:00,Meta,16+ agents,8,Setter C,Closer A
L-11550,2025-04-10 00:00:00,Cold Outreach,16+ agents,5,Setter C,Closer D
L-11551,2025-06-02 00:00:00,Referral,6-15 agents,9,Setter B,Closer B
L-11552,2025-05-14 00:00:00,Meta,2-5 agents,6,Setter C,Closer B
L-11553,2025-06-05 00:00:00,Google Search,16+ agents,6,Setter C,Closer B
L-11554,2025-06-10 00:00:00,Meta,6-15 agents,7,Setter A,Closer A
L-11555,2025-06-28 00:00:00,LinkedIn,6-15 agents,10,Setter B,Closer D
L-11556,2025-06-23 00:00:00,TikTok,16+ agents,1,Setter C,Closer C
L-11557,2025-03-03 00:00:00,Meta,2-5 agents,8,Setter A,Closer D
L-11558,2025-03-31 00:00:00,Meta,16+ agents,4,Setter C,Closer C
L-11559,2025-01-15 00:00:00,Google Search,Solo,3,Setter B,Closer D
L-11560,2025-02-01 00:00:00,Meta,Solo,7,Setter C,Closer A
L-11561,2025-06-07 00:00:00,Meta,Solo,3,Setter B,Closer C
L-11562,2025-05-19 00:00:00,TikTok,2-5 agents,4,Setter A,Closer C
L-11563,2025-03-19 00:00:00,Google Search,16+ agents,5,Setter B,Closer B
L-11564,2025-05-31 00:00:00,TikTok,16+ agents,2,Setter C,Closer C
L-11565,2025-02-21 00:00:00,Meta,2-5 agents,4,Setter B,Closer A
L-11566,2025-02-01 00:00:00,Google Search,16+ agents,6,Setter B,Closer A
L-11567,2025-05-16 00:00:00,Google Search,Solo,7,Setter A,Closer A
L-11568,2025-05-02 00:00:00,Google Search,6-15 agents,5,Setter A,Closer B
L-11569,2025-05-17 00:00:00,TikTok,2-5 agents,2,Setter B,Closer D
L-11570,2025-04-11 00:00:00,LinkedIn,2-5 agents,9,Setter C,Closer C
L-11571,2025-06-08 00:00:00,TikTok,Solo,3,Setter C,Closer D
L-11572,2025-06-08 00:00:00,Google Search,2-5 agents,6,Setter C,Closer B
L-11573,2025-06-22 00:00:00,Cold Outreach,2-5 agents,8,Setter C,Closer D
L-11574,2025-03-22 00:00:00,Google Search,Solo,6,Setter A,Closer D
L-11575,2025-05-11 00:00:00,Meta,2-5 agents,4,Setter B,Closer A
L-11576,2025-04-11 00:00:00,TikTok,2-5 agents,1,Setter A,Closer C
L-11577,2025-04-02 00:00:00,Meta,16+ agents,3,Setter A,Closer B
L-11578,2025-02-08 00:00:00,Referral,Solo,10,Setter B,Closer B
L-11579,2025-06-06 00:00:00,TikTok,2-5 agents,3,Setter A,Closer C
L-11580,2025-06-17 00:00:00,Meta,6-15 agents,6,Setter C,Closer C
L-11581,2025-06-23 00:00:00,Google Search,Solo,3,Setter B,Closer D
L-11582,2025-05-21 00:00:00,LinkedIn,Solo,10,Setter A,Closer A
L-11583,2025-06-05 00:00:00,Cold Outreach,16+ agents,6,Setter A,Closer B
L-11584,2025-06-03 00:00:00,Meta,Solo,3,Setter A,Closer C
L-11585,2025-06-02 00:00:00,TikTok,6-15 agents,1,Setter C,Closer B
L-11586,2025-06-01 00:00:00,Google Search,16+ agents,3,Setter B,Closer B
L-11587,2025-04-18 00:00:00,Referral,2-5 agents,10,Setter B,Closer B
L-11588,2025-05-18 00:00:00,Google Search,Solo,6,Setter B,Closer D
L-11589,2025-03-14 00:00:00,TikTok,16+ agents,4,Setter C,Closer A
L-11590,2025-03-26 00:00:00,Meta,Solo,8,Setter B,Closer D
L-11591,2025-05-01 00:00:00,TikTok,2-5 agents,3,Setter C,Closer A
L-11592,2025-02-22 00:00:00,Meta,Solo,7,Setter C,Closer A
L-11593,2025-06-11 00:00:00,TikTok,16+ agents,2,Setter A,Closer A
L-11594,2025-05-09 00:00:00,Google Search,6-15 agents,7,Setter C,Closer C
L-11595,2025-04-10 00:00:00,LinkedIn,2-5 agents,9,Setter A,Closer D
L-11596,2025-06-03 00:00:00,Google Search,2-5 agents,8,Setter C,Closer D
L-11597,2025-05-06 00:00:00,TikTok,16+ agents,2,Setter A,Closer D
L-11598,2025-02-17 00:00:00,Google Search,Solo,4,Setter C,Closer C
L-11599,2025-04-02 00:00:00,Meta,Solo,8,Setter B,Closer B
L-11600,2025-06-01 00:00:00,TikTok,Solo,3,Setter A,Closer C
L-11601,2025-06-28 00:00:00,Cold Outreach,2-5 agents,7,Setter C,Closer A
L-11602,2025-05-17 00:00:00,Meta,2-5 agents,4,Setter A,Closer C
L-11603,2025-06-08 00:00:00,LinkedIn,Solo,7,Setter A,Closer A
L-11604,2025-05-23 00:00:00,Google Search,Solo,6,Setter B,Closer A
L-11605,2025-06-29 00:00:00,Meta,6-15 agents,5,Setter A,Closer B
L-11606,2025-03-12 00:00:00,Referral,Solo,8,Setter C,Closer C
L-11607,2025-05-13 00:00:00,Meta,Solo,6,Setter B,Closer B
L-11608,2025-06-28 00:00:00,Meta,Solo,4,Setter C,Closer C
L-11609,2025-06-24 00:00:00,Google Search,Solo,6,Setter B,Closer D
L-11610,2025-06-16 00:00:00,Google Search,2-5 agents,4,Setter C,Closer A
L-11611,2025-04-15 00:00:00,TikTok,Solo,4,Setter C,Closer B
L-11612,2025-04-17 00:00:00,Meta,16+ agents,5,Setter B,Closer D
L-11613,2025-05-18 00:00:00,Google Search,Solo,5,Setter B,Closer B
L-11614,2025-04-18 00:00:00,Meta,2-5 agents,5,Setter B,Closer D
L-11615,2025-03-10 00:00:00,Google Search,6-15 agents,6,Setter C,Closer D
L-11616,2025-05-31 00:00:00,Referral,Solo,8,Setter A,Closer A
L-11617,2025-03-10 00:00:00,LinkedIn,16+ agents,8,Setter B,Closer D
L-11618,2025-04-22 00:00:00,Meta,Solo,8,Setter B,Closer B
L-11619,2025-05-13 00:00:00,Google Search,6-15 agents,6,Setter B,Closer B
L-11620,2025-06-09 00:00:00,Google Search,2-5 agents,7,Setter A,Closer C
L-11621,2025-06-04 00:00:00,Google Search,Solo,5,Setter A,Closer D
L-11622,2025-05-24 00:00:00,TikTok,6-15 agents,4,Setter B,Closer D
L-11623,2025-05-23 00:00:00,Cold Outreach,2-5 agents,6,Setter C,Closer B
L-11624,2025-04-24 00:00:00,Meta,6-15 agents,3,Setter A,Closer C
L-11625,2025-05-21 00:00:00,Meta,2-5 agents,3,Setter B,Closer D
L-11626,2025-06-24 00:00:00,TikTok,6-15 agents,5,Setter C,Closer B
L-11627,2025-05-02 00:00:00,Google Search,Solo,4,Setter C,Closer D
L-11628,2025-06-27 00:00:00,Cold Outreach,Solo,8,Setter C,Closer D
L-11629,2025-06-15 00:00:00,Meta,16+ agents,4,Setter B,Closer D
L-11630,2025-05-31 00:00:00,Google Search,16+ agents,3,Setter C,Closer B
L-11631,2025-03-03 00:00:00,TikTok,6-15 agents,1,Setter C,Closer C
L-11632,2025-06-02 00:00:00,LinkedIn,2-5 agents,9,Setter C,Closer C
L-11633,2025-05-30 00:00:00,Cold Outreach,Solo,8,Setter B,Closer D
L-11634,2025-04-10 00:00:00,Google Search,Solo,6,Setter C,Closer D
L-11635,2025-06-24 00:00:00,Cold Outreach,Solo,6,Setter B,Closer D
L-11636,2025-04-30 00:00:00,Cold Outreach,16+ agents,6,Setter B,Closer B
L-11637,2025-06-12 00:00:00,Google Search,6-15 agents,4,Setter C,Closer A
L-11638,2025-06-14 00:00:00,Meta,6-15 agents,3,Setter A,Closer C
L-11639,2025-06-21 00:00:00,Google Search,16+ agents,5,Setter B,Closer A
L-11640,2025-04-24 00:00:00,Meta,6-15 agents,7,Setter A,Closer A
L-11641,2025-03-03 00:00:00,Meta,16+ agents,3,Setter B,Closer D
L-11642,2025-01-21 00:00:00,Cold Outreach,2-5 agents,5,Setter A,Closer A
L-11643,2025-06-23 00:00:00,TikTok,6-15 agents,2,Setter B,Closer C
L-11644,2025-06-23 00:00:00,LinkedIn,6-15 agents,9,Setter B,Closer D
L-11645,2025-05-19 00:00:00,LinkedIn,16+ agents,8,Setter C,Closer A
L-11646,2025-02-20 00:00:00,Meta,2-5 agents,5,Setter C,Closer A
L-11647,2025-06-11 00:00:00,Cold Outreach,Solo,4,Setter A,Closer A
L-11648,2025-05-19 00:00:00,Google Search,Solo,4,Setter B,Closer C
L-11649,2025-03-18 00:00:00,TikTok,Solo,3,Setter A,Closer B
L-11650,2025-06-19 00:00:00,Google Search,16+ agents,3,Setter A,Closer C
L-11651,2025-03-22 00:00:00,Google Search,Solo,6,Setter C,Closer D
L-11652,2025-06-19 00:00:00,Meta,Solo,6,Setter A,Closer C
L-11653,2025-05-22 00:00:00,TikTok,16+ agents,2,Setter B,Closer C
L-11654,2025-04-11 00:00:00,TikTok,6-15 agents,4,Setter B,Closer B
L-11655,2025-05-08 00:00:00,Meta,6-15 agents,7,Setter C,Closer D
L-11656,2025-04-23 00:00:00,Meta,6-15 agents,8,Setter A,Closer B
L-11657,2025-06-29 00:00:00,TikTok,6-15 agents,5,Setter B,Closer B
L-11658,2025-06-15 00:00:00,Meta,6-15 agents,8,Setter B,Closer C
L-11659,2025-06-10 00:00:00,Meta,2-5 agents,7,Setter A,Closer D
L-11660,2025-05-30 00:00:00,Meta,6-15 agents,7,Setter C,Closer D
L-11661,2025-04-11 00:00:00,Meta,2-5 agents,5,Setter A,Closer D
L-11662,2025-06-28 00:00:00,TikTok,6-15 agents,5,Setter B,Closer D
L-11663,2025-01-19 00:00:00,Meta,16+ agents,4,Setter C,Closer A
L-11664,2025-03-20 00:00:00,LinkedIn,6-15 agents,7,Setter B,Closer B
L-11665,2025-05-30 00:00:00,Meta,6-15 agents,7,Setter C,Closer A
L-11666,2025-06-28 00:00:00,Google Search,Solo,6,Setter B,Closer A
L-11667,2025-05-20 00:00:00,Meta,Solo,3,Setter A,Closer C
L-11668,2025-04-20 00:00:00,Referral,6-15 agents,10,Setter B,Closer A
L-11669,2025-03-27 00:00:00,Google Search,2-5 agents,7,Setter C,Closer A
L-11670,2025-06-18 00:00:00,Cold Outreach,6-15 agents,4,Setter B,Closer B
L-11671,2025-06-18 00:00:00,Google Search,6-15 agents,5,Setter A,Closer A
L-11672,2025-06-27 00:00:00,Google Search,16+ agents,7,Setter A,Closer A
L-11673,2025-05-07 00:00:00,Google Search,Solo,5,Setter A,Closer C
L-11674,2025-04-14 00:00:00,Meta,16+ agents,8,Setter C,Closer A
L-11675,2025-04-10 00:00:00,Google Search,6-15 agents,4,Setter A,Closer D
L-11676,2025-04-21 00:00:00,LinkedIn,Solo,8,Setter C,Closer D
L-11677,2025-02-28 00:00:00,LinkedIn,Solo,7,Setter B,Closer A
L-11678,2025-05-29 00:00:00,Cold Outreach,2-5 agents,8,Setter C,Closer A
L-11679,2025-04-01 00:00:00,Meta,Solo,3,Setter B,Closer D
L-11680,2025-06-22 00:00:00,Meta,2-5 agents,7,Setter C,Closer B
L-11681,2025-04-30 00:00:00,Referral,2-5 agents,8,Setter C,Closer A
L-11682,2025-04-17 00:00:00,Cold Outreach,16+ agents,3,Setter B,Closer B
L-11683,2025-04-16 00:00:00,Google Search,6-15 agents,8,Setter B,Closer A
L-11684,2025-06-29 00:00:00,Cold Outreach,Solo,3,Setter A,Closer A
L-11685,2025-03-11 00:00:00,Cold Outreach,Solo,6,Setter B,Closer B
L-11686,2025-06-24 00:00:00,Meta,Solo,6,Setter A,Closer D
L-11687,2025-05-22 00:00:00,TikTok,2-5 agents,3,Setter A,Closer C
L-11688,2025-06-25 00:00:00,Google Search,Solo,4,Setter A,Closer D
L-11689,2025-05-08 00:00:00,Google Search,6-15 agents,4,Setter C,Closer A
L-11690,2025-06-08 00:00:00,Meta,2-5 agents,8,Setter A,Closer B
L-11691,2025-03-12 00:00:00,Meta,2-5 agents,7,Setter C,Closer A
L-11692,2025-06-11 00:00:00,Meta,16+ agents,4,Setter A,Closer C
L-11693,2025-06-13 00:00:00,Meta,16+ agents,6,Setter A,Closer C
L-11694,2025-06-21 00:00:00,Meta,Solo,7,Setter C,Closer B
L-11695,2025-05-10 00:00:00,Meta,16+ agents,5,Setter B,Closer B
L-11696,2025-04-10 00:00:00,Meta,6-15 agents,8,Setter A,Closer D
L-11697,2025-04-06 00:00:00,Google Search,16+ agents,3,Setter B,Closer B
L-11698,2025-03-29 00:00:00,Meta,2-5 agents,3,Setter A,Closer C
L-11699,2025-06-02 00:00:00,Meta,16+ agents,7,Setter C,Closer A
L-11700,2025-06-20 00:00:00,TikTok,16+ agents,1,Setter B,Closer C
L-11701,2025-06-27 00:00:00,Google Search,2-5 agents,5,Setter A,Closer C
L-11702,2025-03-15 00:00:00,Google Search,6-15 agents,8,Setter C,Closer D
L-11703,2025-05-23 00:00:00,Google Search,16+ agents,5,Setter B,Closer B
L-11704,2025-06-28 00:00:00,LinkedIn,6-15 agents,8,Setter C,Closer D
L-11705,2025-05-25 00:00:00,Meta,16+ agents,8,Setter C,Closer B
L-11706,2025-06-27 00:00:00,Google Search,6-15 agents,3,Setter A,Closer B
L-11707,2025-05-29 00:00:00,Google Search,16+ agents,3,Setter C,Closer A
L-11708,2025-03-16 00:00:00,Google Search,6-15 agents,7,Setter C,Closer A
L-11709,2025-06-01 00:00:00,Google Search,6-15 agents,7,Setter A,Closer B
L-11710,2025-06-26 00:00:00,Google Search,16+ agents,5,Setter C,Closer B
L-11711,2025-05-21 00:00:00,Meta,6-15 agents,7,Setter C,Closer D
L-11712,2025-06-04 00:00:00,Google Search,2-5 agents,5,Setter B,Closer B
L-11713,2025-04-02 00:00:00,Meta,Solo,6,Setter A,Closer D
L-11714,2025-04-14 00:00:00,Meta,Solo,3,Setter C,Closer D
L-11715,2025-05-29 00:00:00,Google Search,6-15 agents,3,Setter B,Closer B
L-11716,2025-05-26 00:00:00,Cold Outreach,16+ agents,8,Setter A,Closer A
L-11717,2025-04-28 00:00:00,Google Search,2-5 agents,3,Setter A,Closer C
L-11718,2025-06-10 00:00:00,Meta,2-5 agents,8,Setter B,Closer C
L-11719,2025-04-07 00:00:00,TikTok,16+ agents,1,Setter B,Closer B
L-11720,2025-06-25 00:00:00,Cold Outreach,Solo,5,Setter C,Closer B
L-11721,2025-01-25 00:00:00,TikTok,16+ agents,3,Setter A,Closer D
L-11722,2025-06-17 00:00:00,TikTok,Solo,1,Setter B,Closer B
L-11723,2025-06-29 00:00:00,Meta,Solo,3,Setter B,Closer C
L-11724,2025-04-10 00:00:00,Meta,Solo,3,Setter A,Closer C
L-11725,2025-06-10 00:00:00,Meta,Solo,8,Setter C,Closer C
L-11726,2025-05-14 00:00:00,TikTok,16+ agents,3,Setter C,Closer A
L-11727,2025-04-19 00:00:00,Cold Outreach,Solo,8,Setter A,Closer C
L-11728,2025-06-09 00:00:00,Google Search,Solo,7,Setter C,Closer D
L-11729,2025-05-26 00:00:00,Google Search,Solo,3,Setter B,Closer A
L-11730,2025-06-16 00:00:00,Referral,2-5 agents,8,Setter B,Closer B
L-11731,2025-04-12 00:00:00,Referral,6-15 agents,9,Setter A,Closer C
L-11732,2025-06-02 00:00:00,Meta,6-15 agents,5,Setter B,Closer D
L-11733,2025-04-14 00:00:00,Cold Outreach,Solo,4,Setter B,Closer C
L-11734,2025-06-27 00:00:00,Meta,6-15 agents,5,Setter B,Closer C
L-11735,2025-04-07 00:00:00,Meta,6-15 agents,8,Setter C,Closer C
L-11736,2025-06-15 00:00:00,Meta,Solo,3,Setter A,Closer C
L-11737,2025-03-11 00:00:00,Referral,16+ agents,8,Setter A,Closer A
L-11738,2025-04-01 00:00:00,Google Search,2-5 agents,8,Setter B,Closer B
L-11739,2025-06-17 00:00:00,TikTok,Solo,4,Setter A,Closer C
L-11740,2025-05-04 00:00:00,Meta,16+ agents,5,Setter B,Closer B
L-11741,2025-06-04 00:00:00,Referral,2-5 agents,9,Setter B,Closer D
L-11742,2025-04-07 00:00:00,Referral,16+ agents,9,Setter A,Closer D
L-11743,2025-04-08 00:00:00,Google Search,6-15 agents,4,Setter B,Closer C
L-11744,2025-06-23 00:00:00,Meta,16+ agents,8,Setter C,Closer D
L-11745,2025-04-30 00:00:00,Cold Outreach,2-5 agents,6,Setter C,Closer A
L-11746,2025-03-28 00:00:00,Google Search,6-15 agents,8,Setter B,Closer D
L-11747,2025-02-28 00:00:00,LinkedIn,Solo,9,Setter A,Closer B
L-11748,2025-05-04 00:00:00,Google Search,Solo,7,Setter B,Closer A
L-11749,2025-06-08 00:00:00,Meta,2-5 agents,3,Setter C,Closer C
L-11750,2025-01-30 00:00:00,Meta,Solo,4,Setter B,Closer A
L-11751,2025-05-06 00:00:00,Google Search,Solo,8,Setter A,Closer C
L-11752,2025-03-09 00:00:00,Meta,16+ agents,6,Setter A,Closer B
L-11753,2025-02-01 00:00:00,Google Search,6-15 agents,4,Setter A,Closer A
L-11754,2025-02-05 00:00:00,Meta,6-15 agents,4,Setter B,Closer D
L-11755,2025-05-02 00:00:00,Meta,6-15 agents,3,Setter C,Closer A
L-11756,2025-05-14 00:00:00,Referral,Solo,8,Setter C,Closer D
L-11757,2025-05-29 00:00:00,Google Search,6-15 agents,8,Setter A,Closer D
L-11758,2025-03-11 00:00:00,TikTok,6-15 agents,4,Setter C,Closer B
L-11759,2025-04-14 00:00:00,Meta,Solo,3,Setter B,Closer B
L-11760,2025-02-25 00:00:00,LinkedIn,16+ agents,7,Setter C,Closer C
L-11761,2025-05-25 00:00:00,TikTok,16+ agents,1,Setter B,Closer C
L-11762,2025-06-21 00:00:00,Cold Outreach,2-5 agents,3,Setter B,Closer A
L-11763,2025-05-15 00:00:00,Cold Outreach,6-15 agents,3,Setter C,Closer A
L-11764,2025-01-26 00:00:00,Cold Outreach,Solo,5,Setter B,Closer B
L-11765,2025-04-26 00:00:00,Meta,Solo,8,Setter C,Closer C
L-11766,2025-03-17 00:00:00,Meta,6-15 agents,7,Setter B,Closer D
L-11767,2025-03-17 00:00:00,Google Search,2-5 agents,6,Setter B,Closer A
L-11768,2025-03-14 00:00:00,TikTok,16+ agents,3,Setter B,Closer C
L-11769,2025-05-17 00:00:00,Meta,Solo,5,Setter A,Closer C
L-11770,2025-03-22 00:00:00,Meta,6-15 agents,7,Setter C,Closer C
L-11771,2025-03-31 00:00:00,Google Search,Solo,7,Setter A,Closer D
L-11772,2025-03-11 00:00:00,Meta,Solo,7,Setter A,Closer B
L-11773,2025-04-03 00:00:00,Google Search,Solo,6,Setter B,Closer B
L-11774,2025-05-26 00:00:00,Meta,16+ agents,8,Setter C,Closer D
L-11775,2025-04-04 00:00:00,Meta,6-15 agents,7,Setter B,Closer C
L-11776,2025-06-07 00:00:00,Meta,2-5 agents,3,Setter B,Closer D
L-11777,2025-06-12 00:00:00,Google Search,2-5 agents,3,Setter B,Closer A
L-11778,2025-04-29 00:00:00,Meta,2-5 agents,4,Setter A,Closer D
L-11779,2025-03-18 00:00:00,Google Search,6-15 agents,4,Setter C,Closer C
L-11780,2025-06-13 00:00:00,Cold Outreach,Solo,6,Setter A,Closer D
L-11781,2025-06-28 00:00:00,Google Search,Solo,8,Setter A,Closer C
L-11782,2025-03-06 00:00:00,Google Search,Solo,5,Setter B,Closer C
L-11783,2025-02-21 00:00:00,Meta,2-5 agents,6,Setter A,Closer D
L-11784,2025-06-10 00:00:00,TikTok,16+ agents,1,Setter B,Closer C
L-11785,2025-06-12 00:00:00,Meta,Solo,5,Setter A,Closer C
L-11786,2025-05-14 00:00:00,TikTok,2-5 agents,1,Setter C,Closer D
L-11787,2025-02-11 00:00:00,Google Search,2-5 agents,3,Setter A,Closer C
L-11788,2025-03-18 00:00:00,Cold Outreach,6-15 agents,5,Setter C,Closer A
L-11789,2025-06-29 00:00:00,Meta,16+ agents,3,Setter C,Closer A
L-11790,2025-02-26 00:00:00,Meta,6-15 agents,5,Setter B,Closer D
L-11791,2025-06-02 00:00:00,Meta,16+ agents,6,Setter C,Closer D
L-11792,2025-05-12 00:00:00,TikTok,16+ agents,5,Setter B,Closer C
L-11793,2025-02-15 00:00:00,Meta,6-15 agents,8,Setter B,Closer D
L-11794,2025-02-28 00:00:00,Meta,16+ agents,7,Setter C,Closer A
L-11795,2025-04-19 00:00:00,Cold Outreach,6-15 agents,5,Setter C,Closer C
L-11796,2025-02-11 00:00:00,TikTok,6-15 agents,3,Setter B,Closer D
L-11797,2025-03-13 00:00:00,Referral,6-15 agents,9,Setter B,Closer C
L-11798,2025-06-09 00:00:00,Google Search,6-15 agents,5,Setter B,Closer C
L-11799,2025-06-11 00:00:00,Meta,16+ agents,6,Setter A,Closer D
L-11800,2025-05-18 00:00:00,Meta,2-5 agents,5,Setter A,Closer D
L-11801,2025-04-06 00:00:00,Google Search,Solo,6,Setter A,Closer B
L-11802,2025-04-18 00:00:00,Cold Outreach,6-15 agents,5,Setter C,Closer B
L-11803,2025-06-05 00:00:00,Meta,16+ agents,6,Setter B,Closer A
L-11804,2025-06-06 00:00:00,Meta,16+ agents,4,Setter B,Closer A
L-11805,2025-06-20 00:00:00,Meta,16+ agents,3,Setter C,Closer D
L-11806,2025-04-25 00:00:00,Google Search,2-5 agents,6,Setter C,Closer D
L-11807,2025-05-28 00:00:00,Cold Outreach,Solo,3,Setter C,Closer A
L-11808,2025-06-26 00:00:00,Meta,Solo,4,Setter A,Closer D
L-11809,2025-04-04 00:00:00,Meta,2-5 agents,4,Setter B,Closer C
L-11810,2025-06-23 00:00:00,Meta,6-15 agents,7,Setter B,Closer B
L-11811,2025-06-12 00:00:00,Meta,16+ agents,3,Setter B,Closer B
L-11812,2025-02-12 00:00:00,Meta,Solo,5,Setter A,Closer C
L-11813,2025-06-05 00:00:00,Meta,6-15 agents,5,Setter B,Closer C
L-11814,2025-04-24 00:00:00,Meta,16+ agents,3,Setter C,Closer C
L-11815,2025-05-15 00:00:00,Meta,16+ agents,3,Setter C,Closer B
L-11816,2025-06-15 00:00:00,Google Search,16+ agents,6,Setter C,Closer B
L-11817,2025-06-15 00:00:00,Meta,6-15 agents,5,Setter A,Closer C
L-11818,2025-06-17 00:00:00,TikTok,6-15 agents,4,Setter C,Closer C
L-11819,2025-02-21 00:00:00,Cold Outreach,Solo,6,Setter A,Closer D
L-11820,2025-04-18 00:00:00,Google Search,6-15 agents,8,Setter C,Closer B
L-11821,2025-03-17 00:00:00,TikTok,6-15 agents,4,Setter C,Closer C
L-11822,2025-03-04 00:00:00,Cold Outreach,16+ agents,7,Setter C,Closer A
L-11823,2025-02-14 00:00:00,Meta,Solo,4,Setter C,Closer B
L-11824,2025-06-10 00:00:00,Cold Outreach,Solo,3,Setter A,Closer C
L-11825,2025-02-10 00:00:00,Meta,Solo,4,Setter C,Closer B
L-11826,2025-02-20 00:00:00,Meta,16+ agents,3,Setter B,Closer A
L-11827,2025-04-15 00:00:00,Google Search,16+ agents,4,Setter A,Closer A
L-11828,2025-04-13 00:00:00,Google Search,16+ agents,8,Setter B,Closer C
L-11829,2025-06-19 00:00:00,Referral,16+ agents,9,Setter C,Closer B
L-11830,2025-04-22 00:00:00,Google Search,6-15 agents,6,Setter B,Closer D
L-11831,2025-04-26 00:00:00,Google Search,6-15 agents,7,Setter A,Closer B
L-11832,2025-04-29 00:00:00,Google Search,16+ agents,3,Setter C,Closer C
L-11833,2025-05-02 00:00:00,TikTok,6-15 agents,4,Setter A,Closer B
L-11834,2025-02-10 00:00:00,Cold Outreach,16+ agents,5,Setter B,Closer B
L-11835,2025-06-11 00:00:00,LinkedIn,6-15 agents,7,Setter B,Closer C
L-11836,2025-03-14 00:00:00,Meta,6-15 agents,6,Setter B,Closer B
L-11837,2025-06-24 00:00:00,Cold Outreach,16+ agents,6,Setter A,Closer C
L-11838,2025-05-02 00:00:00,Meta,6-15 agents,5,Setter C,Closer D
L-11839,2025-04-25 00:00:00,Meta,6-15 agents,3,Setter C,Closer D
L-11840,2025-02-13 00:00:00,Google Search,6-15 agents,3,Setter B,Closer D
L-11841,2025-05-07 00:00:00,Meta,2-5 agents,3,Setter C,Closer A
L-11842,2025-05-15 00:00:00,Meta,6-15 agents,6,Setter A,Closer A
L-11843,2025-02-17 00:00:00,Google Search,Solo,5,Setter C,Closer B
L-11844,2025-06-05 00:00:00,Referral,2-5 agents,10,Setter A,Closer C
L-11845,2025-06-25 00:00:00,TikTok,6-15 agents,1,Setter B,Closer D
L-11846,2025-02-21 00:00:00,Meta,6-15 agents,8,Setter A,Closer A
L-11847,2025-05-18 00:00:00,Meta,2-5 agents,8,Setter B,Closer D
L-11848,2025-04-14 00:00:00,Meta,2-5 agents,5,Setter C,Closer C
L-11849,2025-03-28 00:00:00,Referral,6-15 agents,8,Setter C,Closer C
L-11850,2025-06-03 00:00:00,Google Search,2-5 agents,6,Setter A,Closer B
L-11851,2025-06-19 00:00:00,Meta,6-15 agents,4,Setter A,Closer A
L-11852,2025-03-09 00:00:00,Meta,16+ agents,8,Setter C,Closer C
L-11853,2025-06-24 00:00:00,Referral,16+ agents,9,Setter B,Closer C
L-11854,2025-05-08 00:00:00,TikTok,6-15 agents,2,Setter B,Closer A
L-11855,2025-04-26 00:00:00,Meta,6-15 agents,6,Setter B,Closer B
L-11856,2025-05-29 00:00:00,Meta,16+ agents,7,Setter B,Closer D
L-11857,2025-06-20 00:00:00,Google Search,16+ agents,8,Setter B,Closer C
L-11858,2025-06-06 00:00:00,Google Search,Solo,6,Setter A,Closer A
L-11859,2025-06-07 00:00:00,Google Search,6-15 agents,4,Setter A,Closer D
L-11860,2025-05-12 00:00:00,TikTok,2-5 agents,4,Setter A,Closer B
L-11861,2025-04-12 00:00:00,Cold Outreach,Solo,3,Setter A,Closer A
L-11862,2025-05-04 00:00:00,Referral,Solo,10,Setter B,Closer B
L-11863,2025-05-04 00:00:00,Referral,16+ agents,9,Setter C,Closer D
L-11864,2025-05-21 00:00:00,TikTok,2-5 agents,5,Setter A,Closer C
L-11865,2025-05-24 00:00:00,LinkedIn,Solo,9,Setter C,Closer C
L-11866,2025-05-25 00:00:00,Meta,6-15 agents,3,Setter C,Closer B
L-11867,2025-05-01 00:00:00,LinkedIn,6-15 agents,8,Setter B,Closer B
L-11868,2025-06-26 00:00:00,Cold Outreach,Solo,6,Setter C,Closer D
L-11869,2025-04-12 00:00:00,Google Search,2-5 agents,6,Setter B,Closer B
L-11870,2025-03-13 00:00:00,TikTok,6-15 agents,2,Setter A,Closer B
L-11871,2025-05-29 00:00:00,Google Search,Solo,8,Setter A,Closer C
L-11872,2025-05-14 00:00:00,Meta,2-5 agents,4,Setter B,Closer A
L-11873,2025-05-10 00:00:00,Google Search,6-15 agents,6,Setter A,Closer A
L-11874,2025-06-26 00:00:00,LinkedIn,Solo,7,Setter C,Closer C
L-11875,2025-05-30 00:00:00,Meta,Solo,4,Setter A,Closer B
L-11876,2025-03-29 00:00:00,Meta,Solo,7,Setter C,Closer B
L-11877,2025-06-14 00:00:00,Cold Outreach,6-15 agents,7,Setter C,Closer A
L-11878,2025-05-22 00:00:00,Google Search,2-5 agents,5,Setter A,Closer C
L-11879,2025-03-04 00:00:00,Meta,6-15 agents,4,Setter C,Closer C
L-11880,2025-06-09 00:00:00,LinkedIn,Solo,7,Setter C,Closer B
L-11881,2025-04-30 00:00:00,Google Search,Solo,8,Setter A,Closer A
L-11882,2025-01-26 00:00:00,Referral,6-15 agents,10,Setter B,Closer C
L-11883,2025-03-06 00:00:00,Meta,2-5 agents,3,Setter B,Closer C
L-11884,2025-06-26 00:00:00,Google Search,Solo,8,Setter B,Closer D
L-11885,2025-02-16 00:00:00,LinkedIn,2-5 agents,9,Setter B,Closer A
L-11886,2025-05-22 00:00:00,Meta,Solo,4,Setter B,Closer D
L-11887,2025-04-26 00:00:00,Referral,16+ agents,9,Setter B,Closer B
L-11888,2025-04-22 00:00:00,Google Search,Solo,8,Setter B,Closer D
L-11889,2025-06-08 00:00:00,Meta,2-5 agents,7,Setter A,Closer B
L-11890,2025-05-14 00:00:00,Cold Outreach,2-5 agents,5,Setter C,Closer B
L-11891,2025-04-11 00:00:00,Meta,6-15 agents,3,Setter B,Closer C
L-11892,2025-06-26 00:00:00,TikTok,6-15 agents,3,Setter B,Closer D
L-11893,2025-05-30 00:00:00,Meta,2-5 agents,8,Setter C,Closer C
L-11894,2025-04-12 00:00:00,Google Search,Solo,7,Setter B,Closer D
L-11895,2025-04-09 00:00:00,Meta,Solo,8,Setter B,Closer A
L-11896,2025-06-26 00:00:00,Meta,6-15 agents,6,Setter B,Closer D
L-11897,2025-02-17 00:00:00,LinkedIn,16+ agents,8,Setter C,Closer C
L-11898,2025-05-04 00:00:00,Meta,Solo,7,Setter A,Closer C
L-11899,2025-02-24 00:00:00,Google Search,16+ agents,6,Setter A,Closer B
L-11900,2025-02-08 00:00:00,Meta,2-5 agents,6,Setter B,Closer A
L-11901,2025-03-09 00:00:00,Google Search,6-15 agents,3,Setter C,Closer B
L-11902,2025-06-04 00:00:00,Meta,16+ agents,5,Setter B,Closer B
L-11903,2025-03-12 00:00:00,Referral,Solo,8,Setter B,Closer C
L-11904,2025-02-23 00:00:00,TikTok,Solo,2,Setter C,Closer B
L-11905,2025-05-14 00:00:00,Cold Outreach,2-5 agents,5,Setter B,Closer B
L-11906,2025-06-12 00:00:00,Cold Outreach,16+ agents,4,Setter B,Closer C
L-11907,2025-05-07 00:00:00,Google Search,6-15 agents,5,Setter A,Closer A
L-11908,2025-06-03 00:00:00,LinkedIn,2-5 agents,8,Setter A,Closer A
L-11909,2025-06-12 00:00:00,TikTok,Solo,4,Setter B,Closer A
L-11910,2025-03-27 00:00:00,Meta,16+ agents,3,Setter B,Closer D
L-11911,2025-04-15 00:00:00,Meta,Solo,3,Setter B,Closer C
L-11912,2025-05-20 00:00:00,Google Search,Solo,8,Setter B,Closer C
L-11913,2025-04-16 00:00:00,Meta,16+ agents,3,Setter B,Closer A
L-11914,2025-06-08 00:00:00,LinkedIn,2-5 agents,7,Setter B,Closer D
L-11915,2025-04-28 00:00:00,Google Search,6-15 agents,6,Setter A,Closer D
L-11916,2025-06-04 00:00:00,Cold Outreach,2-5 agents,4,Setter A,Closer B
L-11917,2025-04-01 00:00:00,Cold Outreach,2-5 agents,4,Setter A,Closer B
L-11918,2025-05-29 00:00:00,Google Search,6-15 agents,6,Setter C,Closer B
L-11919,2025-06-17 00:00:00,Referral,6-15 agents,10,Setter B,Closer C
L-11920,2025-03-15 00:00:00,Cold Outreach,Solo,6,Setter C,Closer A
L-11921,2025-05-30 00:00:00,TikTok,2-5 agents,2,Setter B,Closer A
L-11922,2025-03-30 00:00:00,TikTok,2-5 agents,3,Setter A,Closer C
L-11923,2025-05-01 00:00:00,Google Search,Solo,8,Setter A,Closer B
L-11924,2025-04-21 00:00:00,Cold Outreach,16+ agents,3,Setter B,Closer D
L-11925,2025-06-03 00:00:00,Google Search,16+ agents,5,Setter B,Closer A
L-11926,2025-05-25 00:00:00,Google Search,2-5 agents,6,Setter B,Closer A
L-11927,2025-05-10 00:00:00,TikTok,2-5 agents,1,Setter C,Closer B
L-11928,2025-06-29 00:00:00,Meta,Solo,6,Setter B,Closer C
L-11929,2025-02-23 00:00:00,Google Search,Solo,3,Setter A,Closer A
L-11930,2025-05-29 00:00:00,Meta,2-5 agents,8,Setter B,Closer D
L-11931,2025-02-16 00:00:00,Meta,16+ agents,5,Setter A,Closer A
L-11932,2025-04-30 00:00:00,Referral,2-5 agents,8,Setter B,Closer B
L-11933,2025-06-08 00:00:00,Google Search,16+ agents,8,Setter C,Closer C
L-11934,2025-05-06 00:00:00,TikTok,Solo,2,Setter A,Closer C
L-11935,2025-06-09 00:00:00,Google Search,Solo,7,Setter C,Closer A
L-11936,2025-05-26 00:00:00,Google Search,2-5 agents,7,Setter B,Closer B
L-11937,2025-03-17 00:00:00,Meta,2-5 agents,4,Setter C,Closer A
L-11938,2025-03-09 00:00:00,LinkedIn,16+ agents,7,Setter B,Closer D
L-11939,2025-06-18 00:00:00,Meta,16+ agents,4,Setter A,Closer C
L-11940,2025-05-27 00:00:00,Meta,6-15 agents,6,Setter C,Closer D
L-11941,2025-06-16 00:00:00,Google Search,6-15 agents,7,Setter B,Closer C
L-11942,2025-04-26 00:00:00,Meta,2-5 agents,4,Setter B,Closer C
L-11943,2025-05-23 00:00:00,Meta,6-15 agents,3,Setter A,Closer D
L-11944,2025-03-29 00:00:00,TikTok,Solo,5,Setter C,Closer C
L-11945,2025-06-02 00:00:00,Meta,16+ agents,4,Setter C,Closer B
L-11946,2025-06-15 00:00:00,Google Search,6-15 agents,6,Setter B,Closer D
L-11947,2025-06-04 00:00:00,LinkedIn,16+ agents,7,Setter C,Closer D
L-11948,2025-06-13 00:00:00,TikTok,Solo,4,Setter C,Closer B
L-11949,2025-05-14 00:00:00,Google Search,2-5 agents,3,Setter C,Closer D
L-11950,2025-05-15 00:00:00,Google Search,16+ agents,3,Setter B,Closer A
L-11951,2025-06-26 00:00:00,Referral,16+ agents,8,Setter B,Closer A
L-11952,2025-04-30 00:00:00,Meta,6-15 agents,5,Setter B,Closer A
L-11953,2025-06-29 00:00:00,TikTok,16+ agents,4,Setter C,Closer B
L-11954,2025-05-19 00:00:00,Cold Outreach,6-15 agents,7,Setter C,Closer C
L-11955,2025-06-24 00:00:00,Google Search,2-5 agents,7,Setter A,Closer A
L-11956,2025-05-06 00:00:00,Meta,Solo,3,Setter C,Closer D
L-11957,2025-05-13 00:00:00,Referral,2-5 agents,9,Setter C,Closer A
L-11958,2025-04-27 00:00:00,Meta,2-5 agents,5,Setter B,Closer B
L-11959,2025-04-06 00:00:00,TikTok,16+ agents,2,Setter C,Closer A
L-11960,2025-05-05 00:00:00,Meta,Solo,6,Setter A,Closer C
L-11961,2025-04-20 00:00:00,TikTok,Solo,5,Setter A,Closer B
L-11962,2025-06-28 00:00:00,TikTok,6-15 agents,1,Setter B,Closer D
L-11963,2025-03-29 00:00:00,Google Search,Solo,7,Setter C,Closer D
L-11964,2025-05-30 00:00:00,LinkedIn,6-15 agents,8,Setter C,Closer D
L-11965,2025-05-30 00:00:00,LinkedIn,6-15 agents,7,Setter C,Closer D
L-11966,2025-05-25 00:00:00,Meta,2-5 agents,6,Setter C,Closer A
L-11967,2025-06-02 00:00:00,Meta,2-5 agents,6,Setter B,Closer D
L-11968,2025-04-17 00:00:00,Meta,6-15 agents,8,Setter B,Closer A
L-11969,2025-04-25 00:00:00,TikTok,2-5 agents,1,Setter A,Closer A
L-11970,2025-05-25 00:00:00,LinkedIn,6-15 agents,9,Setter B,Closer D
L-11971,2025-05-07 00:00:00,LinkedIn,2-5 agents,10,Setter C,Closer D
L-11972,2025-02-18 00:00:00,LinkedIn,16+ agents,9,Setter C,Closer D
L-11973,2025-04-09 00:00:00,TikTok,6-15 agents,2,Setter B,Closer A
L-11974,2025-04-05 00:00:00,Google Search,16+ agents,3,Setter C,Closer D
L-11975,2025-03-23 00:00:00,Meta,Solo,6,Setter C,Closer A
L-11976,2025-05-28 00:00:00,Google Search,2-5 agents,3,Setter B,Closer C
L-11977,2025-06-15 00:00:00,Google Search,6-15 agents,4,Setter B,Closer C
L-11978,2025-04-28 00:00:00,Meta,Solo,5,Setter B,Closer D
L-11979,2025-05-12 00:00:00,Cold Outreach,6-15 agents,5,Setter B,Closer C
L-11980,2025-02-01 00:00:00,LinkedIn,16+ agents,7,Setter B,Closer C
L-11981,2025-06-01 00:00:00,TikTok,16+ agents,3,Setter B,Closer A
L-11982,2025-02-21 00:00:00,Meta,6-15 agents,5,Setter B,Closer C
L-11983,2025-05-13 00:00:00,LinkedIn,Solo,10,Setter B,Closer B
L-11984,2025-06-01 00:00:00,Meta,6-15 agents,6,Setter A,Closer D
L-11985,2025-06-12 00:00:00,Meta,16+ agents,3,Setter A,Closer D
L-11986,2025-06-28 00:00:00,Meta,6-15 agents,5,Setter A,Closer A
L-11987,2025-05-25 00:00:00,Meta,Solo,6,Setter B,Closer C
L-11988,2025-06-14 00:00:00,Google Search,16+ agents,7,Setter C,Closer A
L-11989,2025-02-10 00:00:00,LinkedIn,2-5 agents,10,Setter B,Closer C
L-11990,2025-05-29 00:00:00,Referral,2-5 agents,10,Setter B,Closer C
L-11991,2025-05-01 00:00:00,Google Search,16+ agents,6,Setter B,Closer C
L-11992,2025-04-10 00:00:00,Meta,6-15 agents,5,Setter A,Closer B
L-11993,2025-05-30 00:00:00,Google Search,16+ agents,6,Setter B,Closer B
L-11994,2025-05-18 00:00:00,Google Search,6-15 agents,6,Setter C,Closer C
L-11995,2025-05-26 00:00:00,Google Search,16+ agents,5,Setter C,Closer B
L-11996,2025-06-03 00:00:00,LinkedIn,Solo,8,Setter C,Closer C
L-11997,2025-04-13 00:00:00,Google Search,2-5 agents,4,Setter B,Closer B
L-11998,2025-05-15 00:00:00,LinkedIn,16+ agents,8,Setter C,Closer A
L-11999,2025-05-18 00:00:00,Google Search,16+ agents,6,Setter C,Closer D
L-12000,2025-01-30 00:00:00,Google Search,6-15 agents,6,Setter C,Closer C
L-12001,2025-05-26 00:00:00,Meta,6-15 agents,5,Setter C,Closer B
L-12002,2025-03-15 00:00:00,Meta,Solo,8,Setter C,Closer A
L-12003,2025-01-30 00:00:00,Google Search,16+ agents,7,Setter A,Closer D
L-12004,2025-02-04 00:00:00,TikTok,16+ agents,2,Setter C,Closer D
L-12005,2025-06-23 00:00:00,Meta,Solo,4,Setter C,Closer D
L-12006,2025-06-26 00:00:00,Google Search,16+ agents,7,Setter C,Closer C
L-12007,2025-04-26 00:00:00,Meta,16+ agents,7,Setter B,Closer D
L-12008,2025-06-19 00:00:00,Meta,6-15 agents,7,Setter C,Closer B
L-12009,2025-05-06 00:00:00,Google Search,Solo,4,Setter B,Closer C
L-12010,2025-04-22 00:00:00,TikTok,16+ agents,4,Setter B,Closer A
L-12011,2025-04-28 00:00:00,TikTok,2-5 agents,3,Setter C,Closer C
L-12012,2025-06-05 00:00:00,Cold Outreach,16+ agents,5,Setter A,Closer A
L-12013,2025-03-08 00:00:00,LinkedIn,Solo,7,Setter A,Closer D
L-12014,2025-06-22 00:00:00,LinkedIn,Solo,8,Setter B,Closer D
L-12015,2025-05-28 00:00:00,Google Search,16+ agents,4,Setter B,Closer D
L-12016,2025-05-12 00:00:00,Referral,Solo,9,Setter A,Closer B
L-12017,2025-04-26 00:00:00,Google Search,2-5 agents,7,Setter B,Closer A
L-12018,2025-06-25 00:00:00,Meta,Solo,8,Setter C,Closer D
L-12019,2025-06-07 00:00:00,Meta,2-5 agents,4,Setter B,Closer A
L-12020,2025-03-21 00:00:00,LinkedIn,6-15 agents,9,Setter B,Closer A
L-12021,2025-04-07 00:00:00,Google Search,6-15 agents,6,Setter A,Closer B
L-12022,2025-04-21 00:00:00,Meta,Solo,6,Setter A,Closer B
L-12023,2025-02-11 00:00:00,TikTok,6-15 agents,4,Setter A,Closer A
L-12024,2025-05-03 00:00:00,Google Search,16+ agents,6,Setter A,Closer A
L-12025,2025-03-13 00:00:00,Meta,6-15 agents,7,Setter C,Closer C
L-12026,2025-06-17 00:00:00,Meta,16+ agents,7,Setter B,Closer B
L-12027,2025-06-29 00:00:00,Google Search,6-15 agents,4,Setter B,Closer B
L-12028,2025-06-29 00:00:00,Meta,2-5 agents,8,Setter A,Closer B
L-12029,2025-03-05 00:00:00,Meta,6-15 agents,4,Setter A,Closer D
L-12030,2025-06-16 00:00:00,Cold Outreach,6-15 agents,3,Setter C,Closer B
L-12031,2025-06-19 00:00:00,Google Search,16+ agents,3,Setter C,Closer A
L-12032,2025-05-01 00:00:00,LinkedIn,16+ agents,8,Setter C,Closer C
L-12033,2025-05-15 00:00:00,Cold Outreach,6-15 agents,4,Setter C,Closer C
L-12034,2025-05-03 00:00:00,Meta,2-5 agents,4,Setter C,Closer D
L-12035,2025-03-11 00:00:00,Google Search,Solo,3,Setter A,Closer A
L-12036,2025-04-02 00:00:00,Google Search,Solo,7,Setter A,Closer B
L-12037,2025-03-06 00:00:00,Google Search,Solo,4,Setter B,Closer A
L-12038,2025-05-10 00:00:00,Meta,2-5 agents,5,Setter B,Closer D
L-12039,2025-06-04 00:00:00,Referral,2-5 agents,8,Setter A,Closer A
L-12040,2025-04-12 00:00:00,Meta,2-5 agents,7,Setter A,Closer C
L-12041,2025-04-29 00:00:00,Meta,2-5 agents,4,Setter C,Closer C
L-12042,2025-04-30 00:00:00,Referral,Solo,9,Setter A,Closer A
L-12043,2025-06-08 00:00:00,Google Search,6-15 agents,7,Setter A,Closer A
L-12044,2025-02-24 00:00:00,Meta,6-15 agents,4,Setter C,Closer D
L-12045,2025-01-30 00:00:00,Cold Outreach,6-15 agents,4,Setter A,Closer C
L-12046,2025-05-20 00:00:00,Meta,Solo,3,Setter C,Closer A
L-12047,2025-04-16 00:00:00,Google Search,2-5 agents,7,Setter C,Closer A
L-12048,2025-02-18 00:00:00,Google Search,2-5 agents,4,Setter C,Closer C
L-12049,2025-03-21 00:00:00,Meta,16+ agents,3,Setter B,Closer D
L-12050,2025-04-19 00:00:00,Google Search,6-15 agents,4,Setter A,Closer D
L-12051,2025-03-20 00:00:00,Google Search,Solo,8,Setter A,Closer C
L-12052,2025-04-22 00:00:00,LinkedIn,2-5 agents,10,Setter B,Closer C
L-12053,2025-03-18 00:00:00,TikTok,2-5 agents,2,Setter A,Closer A
L-12054,2025-04-02 00:00:00,Google Search,2-5 agents,4,Setter B,Closer C
L-12055,2025-06-25 00:00:00,Meta,Solo,4,Setter B,Closer B
L-12056,2025-05-05 00:00:00,Meta,Solo,7,Setter C,Closer B
L-12057,2025-05-22 00:00:00,TikTok,6-15 agents,3,Setter C,Closer D
L-12058,2025-02-27 00:00:00,Google Search,Solo,5,Setter B,Closer C
L-12059,2025-04-24 00:00:00,Google Search,16+ agents,5,Setter C,Closer B
L-12060,2025-01-17 00:00:00,Google Search,Solo,3,Setter A,Closer A
L-12061,2025-05-19 00:00:00,LinkedIn,6-15 agents,7,Setter A,Closer C
L-12062,2025-05-27 00:00:00,Referral,6-15 agents,10,Setter C,Closer B
L-12063,2025-06-22 00:00:00,Cold Outreach,6-15 agents,4,Setter C,Closer D
L-12064,2025-05-19 00:00:00,LinkedIn,6-15 agents,10,Setter A,Closer B
L-12065,2025-06-16 00:00:00,Google Search,2-5 agents,7,Setter C,Closer B
L-12066,2025-06-29 00:00:00,Cold Outreach,Solo,6,Setter A,Closer A
L-12067,2025-05-30 00:00:00,Referral,Solo,8,Setter C,Closer A
L-12068,2025-05-11 00:00:00,TikTok,2-5 agents,4,Setter C,Closer A
L-12069,2025-05-16 00:00:00,Cold Outreach,6-15 agents,7,Setter B,Closer A
L-12070,2025-04-07 00:00:00,Meta,Solo,5,Setter B,Closer C
L-12071,2025-06-16 00:00:00,Cold Outreach,16+ agents,8,Setter B,Closer D
L-12072,2025-06-10 00:00:00,Google Search,16+ agents,6,Setter C,Closer C
L-12073,2025-04-09 00:00:00,Google Search,Solo,7,Setter C,Closer B
L-12074,2025-05-24 00:00:00,Meta,6-15 agents,3,Setter C,Closer A
L-12075,2025-03-11 00:00:00,Cold Outreach,6-15 agents,8,Setter B,Closer D
L-12076,2025-04-19 00:00:00,Meta,6-15 agents,5,Setter C,Closer C
L-12077,2025-05-02 00:00:00,Meta,Solo,7,Setter A,Closer C
L-12078,2025-04-05 00:00:00,TikTok,Solo,5,Setter A,Closer A
L-12079,2025-01-18 00:00:00,TikTok,16+ agents,4,Setter B,Closer D
L-12080,2025-04-27 00:00:00,Meta,Solo,3,Setter A,Closer B
L-12081,2025-03-09 00:00:00,Google Search,6-15 agents,5,Setter C,Closer B
L-12082,2025-02-18 00:00:00,TikTok,6-15 agents,3,Setter C,Closer B
L-12083,2025-05-15 00:00:00,Referral,2-5 agents,10,Setter C,Closer A
L-12084,2025-04-29 00:00:00,Google Search,Solo,6,Setter C,Closer B
L-12085,2025-04-13 00:00:00,Google Search,16+ agents,6,Setter B,Closer C
L-12086,2025-06-24 00:00:00,Cold Outreach,2-5 agents,4,Setter C,Closer B
L-12087,2025-06-06 00:00:00,TikTok,6-15 agents,1,Setter C,Closer B
L-12088,2025-06-27 00:00:00,TikTok,2-5 agents,2,Setter A,Closer D
L-12089,2025-05-06 00:00:00,Cold Outreach,Solo,8,Setter A,Closer C
L-12090,2025-02-11 00:00:00,Meta,Solo,5,Setter A,Closer B
L-12091,2025-02-07 00:00:00,LinkedIn,6-15 agents,7,Setter C,Closer D
L-12092,2025-06-22 00:00:00,Referral,16+ agents,8,Setter C,Closer B
L-12093,2025-05-30 00:00:00,Meta,16+ agents,5,Setter C,Closer D
L-12094,2025-05-23 00:00:00,LinkedIn,2-5 agents,10,Setter C,Closer A
L-12095,2025-04-04 00:00:00,Cold Outreach,2-5 agents,6,Setter B,Closer C
L-12096,2025-04-27 00:00:00,Referral,6-15 agents,10,Setter A,Closer D
L-12097,2025-04-08 00:00:00,Google Search,6-15 agents,4,Setter A,Closer D
L-12098,2025-04-28 00:00:00,Google Search,2-5 agents,4,Setter C,Closer A
L-12099,2025-03-20 00:00:00,Referral,Solo,8,Setter B,Closer A
L-12100,2025-06-29 00:00:00,Google Search,Solo,3,Setter B,Closer D
L-12101,2025-04-26 00:00:00,Meta,Solo,4,Setter A,Closer A
L-12102,2025-04-16 00:00:00,TikTok,16+ agents,2,Setter C,Closer B
L-12103,2025-04-24 00:00:00,Google Search,6-15 agents,8,Setter C,Closer C
L-12104,2025-06-10 00:00:00,Meta,16+ agents,6,Setter B,Closer A
L-12105,2025-05-30 00:00:00,LinkedIn,6-15 agents,7,Setter B,Closer B
L-12106,2025-05-15 00:00:00,Cold Outreach,2-5 agents,6,Setter C,Closer A
L-12107,2025-06-13 00:00:00,Meta,Solo,6,Setter A,Closer D
L-12108,2025-06-11 00:00:00,Meta,16+ agents,3,Setter C,Closer A
L-12109,2025-06-24 00:00:00,TikTok,2-5 agents,4,Setter A,Closer D
L-12110,2025-03-13 00:00:00,Meta,16+ agents,4,Setter B,Closer D
L-12111,2025-05-10 00:00:00,Google Search,6-15 agents,5,Setter A,Closer C
L-12112,2025-01-30 00:00:00,Google Search,2-5 agents,8,Setter A,Closer B
L-12113,2025-06-07 00:00:00,Google Search,6-15 agents,3,Setter B,Closer A
L-12114,2025-03-18 00:00:00,Meta,Solo,3,Setter A,Closer D
L-12115,2025-03-20 00:00:00,Cold Outreach,2-5 agents,3,Setter B,Closer C
L-12116,2025-05-21 00:00:00,TikTok,Solo,2,Setter A,Closer B
L-12117,2025-04-09 00:00:00,Meta,16+ agents,5,Setter A,Closer A
L-12118,2025-06-23 00:00:00,Google Search,6-15 agents,3,Setter B,Closer A
L-12119,2025-06-22 00:00:00,Cold Outreach,Solo,6,Setter B,Closer A
L-12120,2025-03-21 00:00:00,LinkedIn,6-15 agents,7,Setter C,Closer A
L-12121,2025-04-21 00:00:00,TikTok,16+ agents,3,Setter C,Closer C
L-12122,2025-06-11 00:00:00,TikTok,2-5 agents,2,Setter C,Closer B
L-12123,2025-01-25 00:00:00,TikTok,16+ agents,2,Setter A,Closer C
L-12124,2025-06-20 00:00:00,Meta,2-5 agents,5,Setter A,Closer C
L-12125,2025-05-28 00:00:00,Google Search,Solo,8,Setter A,Closer B
L-12126,2025-05-23 00:00:00,TikTok,6-15 agents,4,Setter A,Closer A
L-12127,2025-05-24 00:00:00,Google Search,6-15 agents,4,Setter C,Closer B
L-12128,2025-04-18 00:00:00,Google Search,6-15 agents,8,Setter C,Closer A
L-12129,2025-06-12 00:00:00,Google Search,16+ agents,3,Setter A,Closer D
L-12130,2025-06-04 00:00:00,Meta,Solo,3,Setter C,Closer D
L-12131,2025-06-11 00:00:00,Google Search,16+ agents,3,Setter A,Closer D
L-12132,2025-06-17 00:00:00,TikTok,Solo,2,Setter B,Closer B
L-12133,2025-04-14 00:00:00,Referral,16+ agents,9,Setter B,Closer B
L-12134,2025-03-13 00:00:00,Meta,6-15 agents,4,Setter B,Closer B
L-12135,2025-03-15 00:00:00,LinkedIn,16+ agents,10,Setter A,Closer C
L-12136,2025-06-28 00:00:00,Google Search,Solo,6,Setter A,Closer B
L-12137,2025-06-14 00:00:00,Meta,Solo,3,Setter C,Closer A
L-12138,2025-06-15 00:00:00,Google Search,16+ agents,4,Setter C,Closer B
L-12139,2025-05-01 00:00:00,Meta,2-5 agents,4,Setter B,Closer C
L-12140,2025-03-15 00:00:00,Google Search,Solo,5,Setter A,Closer B
L-12141,2025-06-20 00:00:00,Google Search,Solo,6,Setter C,Closer C
L-12142,2025-06-10 00:00:00,Meta,16+ agents,8,Setter C,Closer C
L-12143,2025-05-06 00:00:00,Referral,Solo,10,Setter C,Closer C
L-12144,2025-04-26 00:00:00,TikTok,6-15 agents,2,Setter C,Closer B
L-12145,2025-03-22 00:00:00,LinkedIn,16+ agents,7,Setter A,Closer B
L-12146,2025-03-16 00:00:00,LinkedIn,2-5 agents,9,Setter A,Closer D
L-12147,2025-05-16 00:00:00,Meta,6-15 agents,7,Setter B,Closer D
L-12148,2025-03-11 00:00:00,Google Search,Solo,6,Setter C,Closer B
L-12149,2025-06-04 00:00:00,Google Search,Solo,5,Setter B,Closer D
L-12150,2025-04-25 00:00:00,Google Search,Solo,5,Setter B,Closer D
L-12151,2025-04-21 00:00:00,Referral,Solo,10,Setter B,Closer C
L-12152,2025-05-17 00:00:00,Meta,16+ agents,3,Setter B,Closer B
L-12153,2025-05-18 00:00:00,TikTok,Solo,3,Setter A,Closer A
L-12154,2025-03-07 00:00:00,Cold Outreach,Solo,8,Setter C,Closer A
L-12155,2025-06-18 00:00:00,TikTok,6-15 agents,4,Setter B,Closer C
L-12156,2025-04-04 00:00:00,Meta,16+ agents,6,Setter C,Closer A
L-12157,2025-06-29 00:00:00,Google Search,2-5 agents,3,Setter A,Closer D
L-12158,2025-05-19 00:00:00,Cold Outreach,6-15 agents,7,Setter C,Closer B
L-12159,2025-06-02 00:00:00,Cold Outreach,2-5 agents,6,Setter C,Closer A
L-12160,2025-03-20 00:00:00,Cold Outreach,6-15 agents,3,Setter B,Closer B
L-12161,2025-03-31 00:00:00,Meta,2-5 agents,4,Setter A,Closer C
L-12162,2025-04-15 00:00:00,Google Search,16+ agents,8,Setter B,Closer B
L-12163,2025-05-30 00:00:00,Cold Outreach,6-15 agents,8,Setter B,Closer B
L-12164,2025-01-31 00:00:00,Cold Outreach,Solo,6,Setter C,Closer A
L-12165,2025-05-21 00:00:00,Cold Outreach,6-15 agents,5,Setter B,Closer C
L-12166,2025-06-29 00:00:00,TikTok,2-5 agents,1,Setter A,Closer B
L-12167,2025-04-06 00:00:00,LinkedIn,16+ agents,7,Setter A,Closer A
L-12168,2025-05-11 00:00:00,LinkedIn,16+ agents,8,Setter C,Closer C
L-12169,2025-04-09 00:00:00,Meta,16+ agents,8,Setter B,Closer A
L-12170,2025-03-30 00:00:00,Google Search,2-5 agents,6,Setter C,Closer B
L-12171,2025-03-26 00:00:00,Cold Outreach,Solo,5,Setter C,Closer C
L-12172,2025-04-07 00:00:00,LinkedIn,2-5 agents,9,Setter B,Closer B
L-12173,2025-06-27 00:00:00,LinkedIn,16+ agents,9,Setter C,Closer C
L-12174,2025-04-30 00:00:00,Google Search,16+ agents,3,Setter B,Closer C
L-12175,2025-06-12 00:00:00,TikTok,2-5 agents,1,Setter A,Closer A
L-12176,2025-04-09 00:00:00,Referral,Solo,9,Setter A,Closer C
L-12177,2025-06-26 00:00:00,Meta,6-15 agents,8,Setter B,Closer B
L-12178,2025-06-01 00:00:00,TikTok,16+ agents,2,Setter A,Closer C
L-12179,2025-05-21 00:00:00,Google Search,6-15 agents,4,Setter B,Closer B
L-12180,2025-05-09 00:00:00,TikTok,Solo,2,Setter A,Closer C
L-12181,2025-06-22 00:00:00,Referral,2-5 agents,8,Setter B,Closer B
L-12182,2025-06-28 00:00:00,LinkedIn,Solo,9,Setter A,Closer C
L-12183,2025-03-16 00:00:00,Cold Outreach,2-5 agents,4,Setter C,Closer C
L-12184,2025-06-16 00:00:00,Referral,6-15 agents,9,Setter C,Closer A
L-12185,2025-02-17 00:00:00,Meta,Solo,3,Setter A,Closer A
L-12186,2025-06-09 00:00:00,Meta,2-5 agents,7,Setter A,Closer C
L-12187,2025-06-15 00:00:00,Cold Outreach,6-15 agents,7,Setter B,Closer B
L-12188,2025-03-02 00:00:00,Meta,16+ agents,8,Setter B,Closer D
L-12189,2025-03-11 00:00:00,Cold Outreach,Solo,5,Setter B,Closer A
L-12190,2025-02-12 00:00:00,Cold Outreach,6-15 agents,8,Setter B,Closer A
L-12191,2025-03-16 00:00:00,Meta,2-5 agents,3,Setter A,Closer A
L-12192,2025-05-26 00:00:00,Meta,6-15 agents,4,Setter B,Closer C
L-12193,2025-05-27 00:00:00,LinkedIn,16+ agents,7,Setter A,Closer B
L-12194,2025-06-23 00:00:00,LinkedIn,16+ agents,10,Setter C,Closer B
L-12195,2025-06-26 00:00:00,Cold Outreach,6-15 agents,8,Setter B,Closer C
L-12196,2025-05-05 00:00:00,Google Search,6-15 agents,3,Setter B,Closer D
L-12197,2025-06-05 00:00:00,Meta,16+ agents,7,Setter B,Closer D
L-12198,2025-03-14 00:00:00,Meta,2-5 agents,8,Setter A,Closer A
L-12199,2025-03-02 00:00:00,Meta,Solo,6,Setter C,Closer D
L-12200,2025-03-17 00:00:00,Google Search,6-15 agents,3,Setter C,Closer D
L-12201,2025-04-22 00:00:00,TikTok,6-15 agents,5,Setter C,Closer C
L-12202,2025-03-25 00:00:00,Meta,2-5 agents,6,Setter B,Closer C
L-12203,2025-01-22 00:00:00,Meta,2-5 agents,3,Setter B,Closer A
L-12204,2025-01-25 00:00:00,Google Search,2-5 agents,8,Setter B,Closer D
L-12205,2025-06-10 00:00:00,Meta,16+ agents,3,Setter A,Closer B
L-12206,2025-02-18 00:00:00,TikTok,16+ agents,4,Setter C,Closer A
L-12207,2025-02-25 00:00:00,Google Search,6-15 agents,3,Setter B,Closer A
L-12208,2025-04-16 00:00:00,Cold Outreach,2-5 agents,5,Setter A,Closer A
L-12209,2025-01-25 00:00:00,TikTok,6-15 agents,3,Setter A,Closer D
L-12210,2025-05-11 00:00:00,Google Search,2-5 agents,8,Setter C,Closer A
L-12211,2025-06-20 00:00:00,Meta,6-15 agents,3,Setter C,Closer D
L-12212,2025-05-17 00:00:00,Google Search,16+ agents,3,Setter C,Closer B
L-12213,2025-05-17 00:00:00,LinkedIn,2-5 agents,9,Setter C,Closer A
L-12214,2025-01-20 00:00:00,Google Search,16+ agents,4,Setter B,Closer C
L-12215,2025-05-17 00:00:00,Google Search,6-15 agents,7,Setter A,Closer D
L-12216,2025-04-25 00:00:00,Google Search,16+ agents,3,Setter C,Closer D
L-12217,2025-06-04 00:00:00,Cold Outreach,Solo,5,Setter A,Closer B
L-12218,2025-04-25 00:00:00,Cold Outreach,Solo,4,Setter A,Closer C
L-12219,2025-04-05 00:00:00,Referral,6-15 agents,8,Setter A,Closer C
L-12220,2025-04-30 00:00:00,Google Search,16+ agents,7,Setter A,Closer C
L-12221,2025-04-09 00:00:00,LinkedIn,2-5 agents,7,Setter A,Closer A
L-12222,2025-04-16 00:00:00,Google Search,16+ agents,7,Setter B,Closer D
L-12223,2025-03-25 00:00:00,Meta,2-5 agents,4,Setter C,Closer C
L-12224,2025-06-11 00:00:00,TikTok,16+ agents,3,Setter A,Closer A
L-12225,2025-04-10 00:00:00,Meta,Solo,4,Setter C,Closer D
L-12226,2025-04-22 00:00:00,LinkedIn,6-15 agents,8,Setter A,Closer B
L-12227,2025-05-13 00:00:00,Google Search,6-15 agents,5,Setter A,Closer C
L-12228,2025-05-13 00:00:00,Meta,16+ agents,3,Setter C,Closer A
L-12229,2025-06-28 00:00:00,Google Search,Solo,3,Setter A,Closer B
L-12230,2025-04-18 00:00:00,Meta,Solo,8,Setter A,Closer B
L-12231,2025-06-11 00:00:00,Meta,Solo,8,Setter C,Closer D
L-12232,2025-04-27 00:00:00,LinkedIn,Solo,9,Setter C,Closer D
L-12233,2025-02-27 00:00:00,Meta,16+ agents,7,Setter B,Closer D
L-12234,2025-06-15 00:00:00,Google Search,Solo,3,Setter C,Closer B
L-12235,2025-05-07 00:00:00,Cold Outreach,16+ agents,6,Setter C,Closer A
L-12236,2025-05-26 00:00:00,Referral,2-5 agents,10,Setter A,Closer D
L-12237,2025-04-14 00:00:00,TikTok,16+ agents,2,Setter C,Closer A
L-12238,2025-05-31 00:00:00,Cold Outreach,6-15 agents,6,Setter A,Closer A
L-12239,2025-02-02 00:00:00,LinkedIn,2-5 agents,7,Setter C,Closer A
L-12240,2025-04-26 00:00:00,Cold Outreach,6-15 agents,4,Setter B,Closer B
L-12241,2025-06-15 00:00:00,Cold Outreach,Solo,5,Setter A,Closer C
L-12242,2025-05-26 00:00:00,Google Search,6-15 agents,4,Setter B,Closer C
L-12243,2025-06-18 00:00:00,Google Search,6-15 agents,6,Setter C,Closer D
L-12244,2025-03-21 00:00:00,TikTok,6-15 agents,3,Setter A,Closer B
L-12245,2025-05-14 00:00:00,Meta,6-15 agents,3,Setter C,Closer C
L-12246,2025-05-08 00:00:00,TikTok,2-5 agents,4,Setter B,Closer D
L-12247,2025-06-06 00:00:00,Google Search,16+ agents,4,Setter A,Closer D
L-12248,2025-04-16 00:00:00,Google Search,16+ agents,5,Setter C,Closer C
L-12249,2025-05-17 00:00:00,Meta,Solo,7,Setter A,Closer C
L-12250,2025-03-08 00:00:00,Meta,6-15 agents,3,Setter A,Closer C
L-12251,2025-06-12 00:00:00,LinkedIn,16+ agents,7,Setter B,Closer D
L-12252,2025-05-22 00:00:00,Google Search,Solo,6,Setter C,Closer A
L-12253,2025-02-19 00:00:00,LinkedIn,16+ agents,7,Setter A,Closer B
L-12254,2025-05-16 00:00:00,Cold Outreach,16+ agents,3,Setter B,Closer D
L-12255,2025-06-07 00:00:00,Referral,Solo,10,Setter C,Closer D
L-12256,2025-05-24 00:00:00,LinkedIn,2-5 agents,10,Setter C,Closer A
L-12257,2025-04-04 00:00:00,Meta,6-15 agents,3,Setter B,Closer A
L-12258,2025-04-30 00:00:00,Meta,2-5 agents,5,Setter A,Closer C
L-12259,2025-06-16 00:00:00,Meta,16+ agents,7,Setter C,Closer C
L-12260,2025-04-09 00:00:00,Google Search,Solo,5,Setter B,Closer B
L-12261,2025-04-03 00:00:00,Meta,16+ agents,8,Setter A,Closer B
L-12262,2025-04-14 00:00:00,Cold Outreach,6-15 agents,8,Setter B,Closer D
L-12263,2025-06-26 00:00:00,Cold Outreach,Solo,6,Setter B,Closer B
L-12264,2025-05-03 00:00:00,Referral,Solo,10,Setter A,Closer A
L-12265,2025-06-19 00:00:00,Google Search,2-5 agents,6,Setter C,Closer C
L-12266,2025-04-30 00:00:00,LinkedIn,6-15 agents,10,Setter C,Closer D
L-12267,2025-06-21 00:00:00,Meta,6-15 agents,5,Setter B,Closer C
L-12268,2025-05-14 00:00:00,LinkedIn,Solo,8,Setter A,Closer D
L-12269,2025-05-20 00:00:00,Referral,2-5 agents,8,Setter B,Closer B
L-12270,2025-06-18 00:00:00,LinkedIn,6-15 agents,10,Setter C,Closer A
L-12271,2025-06-16 00:00:00,Meta,16+ agents,5,Setter A,Closer D
L-12272,2025-05-24 00:00:00,Google Search,Solo,5,Setter B,Closer C
L-12273,2025-05-12 00:00:00,Google Search,16+ agents,7,Setter A,Closer A
L-12274,2025-04-14 00:00:00,Cold Outreach,6-15 agents,3,Setter B,Closer C
L-12275,2025-01-31 00:00:00,Meta,Solo,3,Setter B,Closer C
L-12276,2025-03-07 00:00:00,LinkedIn,2-5 agents,8,Setter A,Closer A
L-12277,2025-06-11 00:00:00,Cold Outreach,2-5 agents,3,Setter C,Closer C
L-12278,2025-02-24 00:00:00,Google Search,16+ agents,3,Setter C,Closer C
L-12279,2025-06-23 00:00:00,Meta,2-5 agents,5,Setter B,Closer A
L-12280,2025-06-08 00:00:00,Meta,6-15 agents,7,Setter A,Closer C
L-12281,2025-04-12 00:00:00,Google Search,16+ agents,6,Setter A,Closer D
L-12282,2025-04-25 00:00:00,Google Search,16+ agents,6,Setter B,Closer A
L-12283,2025-04-17 00:00:00,Meta,Solo,5,Setter C,Closer C
L-12284,2025-05-03 00:00:00,TikTok,2-5 agents,4,Setter A,Closer A
L-12285,2025-06-10 00:00:00,Meta,16+ agents,4,Setter C,Closer D
L-12286,2025-04-26 00:00:00,Google Search,16+ agents,4,Setter C,Closer A
L-12287,2025-03-14 00:00:00,Referral,6-15 agents,8,Setter C,Closer D
L-12288,2025-02-01 00:00:00,Referral,16+ agents,8,Setter B,Closer A
L-12289,2025-03-28 00:00:00,TikTok,2-5 agents,1,Setter C,Closer A
L-12290,2025-05-18 00:00:00,Google Search,2-5 agents,5,Setter B,Closer A
L-12291,2025-06-28 00:00:00,Google Search,2-5 agents,5,Setter A,Closer C
L-12292,2025-03-15 00:00:00,Referral,16+ agents,10,Setter C,Closer D
L-12293,2025-05-09 00:00:00,Meta,2-5 agents,8,Setter A,Closer C
L-12294,2025-05-18 00:00:00,Referral,Solo,9,Setter C,Closer D
L-12295,2025-06-03 00:00:00,Meta,6-15 agents,4,Setter C,Closer C
L-12296,2025-06-25 00:00:00,Google Search,16+ agents,4,Setter A,Closer B
L-12297,2025-06-08 00:00:00,TikTok,2-5 agents,5,Setter B,Closer A
L-12298,2025-05-06 00:00:00,Meta,16+ agents,6,Setter C,Closer A
L-12299,2025-06-04 00:00:00,Referral,6-15 agents,8,Setter B,Closer A
L-12300,2025-04-07 00:00:00,Meta,2-5 agents,4,Setter C,Closer A
L-12301,2025-05-07 00:00:00,Google Search,16+ agents,4,Setter C,Closer C
L-12302,2025-06-22 00:00:00,Meta,16+ agents,5,Setter C,Closer D
L-12303,2025-03-26 00:00:00,Meta,6-15 agents,4,Setter B,Closer A
L-12304,2025-03-06 00:00:00,LinkedIn,6-15 agents,7,Setter C,Closer C
L-12305,2025-06-08 00:00:00,Meta,16+ agents,4,Setter B,Closer B
L-12306,2025-04-17 00:00:00,Meta,6-15 agents,5,Setter A,Closer A
L-12307,2025-06-18 00:00:00,Google Search,6-15 agents,5,Setter C,Closer C
L-12308,2025-06-06 00:00:00,TikTok,16+ agents,5,Setter C,Closer D
L-12309,2025-06-20 00:00:00,TikTok,Solo,5,Setter B,Closer B
L-12310,2025-01-18 00:00:00,Cold Outreach,Solo,6,Setter A,Closer A
L-12311,2025-04-26 00:00:00,Google Search,6-15 agents,6,Setter B,Closer A
L-12312,2025-05-17 00:00:00,Meta,2-5 agents,8,Setter A,Closer D
L-12313,2025-05-18 00:00:00,Google Search,2-5 agents,4,Setter C,Closer A
L-12314,2025-02-09 00:00:00,Google Search,6-15 agents,3,Setter B,Closer A
L-12315,2025-05-05 00:00:00,Referral,6-15 agents,10,Setter C,Closer A
L-12316,2025-06-22 00:00:00,Meta,16+ agents,4,Setter A,Closer A
L-12317,2025-06-18 00:00:00,LinkedIn,6-15 agents,9,Setter C,Closer B
L-12318,2025-04-19 00:00:00,Meta,2-5 agents,5,Setter C,Closer C
L-12319,2025-05-12 00:00:00,Google Search,Solo,7,Setter A,Closer B
L-12320,2025-05-16 00:00:00,LinkedIn,16+ agents,8,Setter C,Closer C
L-12321,2025-06-08 00:00:00,Meta,16+ agents,5,Setter C,Closer C
L-12322,2025-05-14 00:00:00,Google Search,2-5 agents,8,Setter B,Closer A
L-12323,2025-06-26 00:00:00,Meta,2-5 agents,6,Setter B,Closer B
L-12324,2025-03-11 00:00:00,Meta,Solo,8,Setter A,Closer A
L-12325,2025-05-31 00:00:00,TikTok,Solo,2,Setter A,Closer A
L-12326,2025-02-20 00:00:00,Google Search,2-5 agents,3,Setter C,Closer B
L-12327,2025-02-09 00:00:00,TikTok,16+ agents,1,Setter C,Closer C
L-12328,2025-05-22 00:00:00,Google Search,2-5 agents,7,Setter A,Closer A
L-12329,2025-06-07 00:00:00,Meta,16+ agents,8,Setter C,Closer C
L-12330,2025-03-23 00:00:00,TikTok,16+ agents,3,Setter A,Closer B
L-12331,2025-05-17 00:00:00,Cold Outreach,6-15 agents,4,Setter A,Closer C
L-12332,2025-03-08 00:00:00,Google Search,Solo,3,Setter B,Closer A
L-12333,2025-05-29 00:00:00,LinkedIn,2-5 agents,7,Setter A,Closer A
L-12334,2025-04-07 00:00:00,Google Search,Solo,4,Setter C,Closer C
L-12335,2025-03-22 00:00:00,TikTok,Solo,5,Setter A,Closer A
L-12336,2025-05-09 00:00:00,LinkedIn,16+ agents,8,Setter C,Closer A
L-12337,2025-03-20 00:00:00,Meta,2-5 agents,4,Setter C,Closer B
L-12338,2025-06-02 00:00:00,Google Search,6-15 agents,7,Setter C,Closer A
L-12339,2025-04-30 00:00:00,Google Search,6-15 agents,4,Setter B,Closer A
L-12340,2025-04-06 00:00:00,Meta,Solo,7,Setter B,Closer A
L-12341,2025-04-13 00:00:00,Meta,Solo,4,Setter A,Closer D
L-12342,2025-05-05 00:00:00,Referral,2-5 agents,10,Setter A,Closer D
L-12343,2025-06-25 00:00:00,LinkedIn,6-15 agents,10,Setter C,Closer D
L-12344,2025-04-29 00:00:00,Meta,Solo,4,Setter A,Closer C
L-12345,2025-06-03 00:00:00,LinkedIn,2-5 agents,9,Setter C,Closer D
L-12346,2025-04-06 00:00:00,Google Search,Solo,3,Setter A,Closer B
L-12347,2025-04-23 00:00:00,Cold Outreach,6-15 agents,8,Setter C,Closer C
L-12348,2025-05-27 00:00:00,Google Search,6-15 agents,8,Setter B,Closer D
L-12349,2025-06-19 00:00:00,LinkedIn,16+ agents,8,Setter A,Closer D
L-12350,2025-05-08 00:00:00,TikTok,16+ agents,4,Setter C,Closer B
L-12351,2025-05-12 00:00:00,TikTok,2-5 agents,1,Setter C,Closer C
L-12352,2025-05-09 00:00:00,Google Search,2-5 agents,6,Setter C,Closer C
L-12353,2025-04-21 00:00:00,Google Search,6-15 agents,7,Setter C,Closer A
L-12354,2025-01-28 00:00:00,TikTok,16+ agents,3,Setter A,Closer A
L-12355,2025-02-14 00:00:00,Cold Outreach,16+ agents,5,Setter A,Closer D
L-12356,2025-05-26 00:00:00,Google Search,2-5 agents,5,Setter B,Closer B
L-12357,2025-01-30 00:00:00,Google Search,6-15 agents,8,Setter C,Closer A
L-12358,2025-05-06 00:00:00,TikTok,6-15 agents,4,Setter C,Closer A
L-12359,2025-04-26 00:00:00,Cold Outreach,2-5 agents,5,Setter A,Closer D
L-12360,2025-06-27 00:00:00,LinkedIn,6-15 agents,8,Setter C,Closer C
L-12361,2025-06-12 00:00:00,Meta,16+ agents,6,Setter A,Closer D
L-12362,2025-06-06 00:00:00,LinkedIn,6-15 agents,8,Setter C,Closer B
L-12363,2025-04-27 00:00:00,Meta,6-15 agents,5,Setter B,Closer D
L-12364,2025-05-03 00:00:00,Meta,2-5 agents,8,Setter C,Closer C
L-12365,2025-05-16 00:00:00,Google Search,2-5 agents,7,Setter C,Closer A
L-12366,2025-04-25 00:00:00,Google Search,Solo,3,Setter C,Closer B
L-12367,2025-04-21 00:00:00,LinkedIn,6-15 agents,10,Setter B,Closer D
L-12368,2025-06-10 00:00:00,Google Search,Solo,4,Setter B,Closer B
L-12369,2025-04-13 00:00:00,Google Search,Solo,8,Setter A,Closer A
L-12370,2025-05-25 00:00:00,Google Search,Solo,3,Setter A,Closer B
L-12371,2025-05-06 00:00:00,Cold Outreach,2-5 agents,3,Setter B,Closer A
L-12372,2025-02-01 00:00:00,LinkedIn,16+ agents,10,Setter A,Closer B
L-12373,2025-06-24 00:00:00,Cold Outreach,16+ agents,6,Setter C,Closer C
L-12374,2025-03-27 00:00:00,LinkedIn,6-15 agents,9,Setter B,Closer A
L-12375,2025-02-20 00:00:00,Cold Outreach,Solo,4,Setter A,Closer C
L-12376,2025-01-31 00:00:00,Cold Outreach,16+ agents,7,Setter C,Closer D
L-12377,2025-01-29 00:00:00,Google Search,16+ agents,3,Setter A,Closer A
L-12378,2025-05-08 00:00:00,Cold Outreach,Solo,6,Setter A,Closer C
L-12379,2025-02-20 00:00:00,Google Search,Solo,8,Setter A,Closer A
L-12380,2025-06-08 00:00:00,TikTok,2-5 agents,3,Setter B,Closer B
L-12381,2025-03-15 00:00:00,TikTok,6-15 agents,4,Setter C,Closer C
L-12382,2025-06-03 00:00:00,Cold Outreach,16+ agents,8,Setter C,Closer B
L-12383,2025-04-22 00:00:00,LinkedIn,6-15 agents,10,Setter A,Closer D
L-12384,2025-06-02 00:00:00,Meta,6-15 agents,3,Setter A,Closer A
L-12385,2025-04-28 00:00:00,Meta,16+ agents,5,Setter A,Closer C
L-12386,2025-05-12 00:00:00,LinkedIn,16+ agents,10,Setter A,Closer A
L-12387,2025-03-24 00:00:00,Meta,16+ agents,6,Setter B,Closer B
L-12388,2025-04-27 00:00:00,TikTok,Solo,3,Setter B,Closer C
L-12389,2025-03-14 00:00:00,LinkedIn,6-15 agents,7,Setter B,Closer D
L-12390,2025-06-05 00:00:00,TikTok,2-5 agents,5,Setter C,Closer B
L-12391,2025-02-14 00:00:00,Meta,2-5 agents,7,Setter B,Closer A
L-12392,2025-05-02 00:00:00,LinkedIn,2-5 agents,10,Setter C,Closer B
L-12393,2025-05-16 00:00:00,Google Search,16+ agents,7,Setter B,Closer B
L-12394,2025-05-27 00:00:00,Meta,16+ agents,7,Setter A,Closer B
L-12395,2025-04-20 00:00:00,LinkedIn,6-15 agents,7,Setter C,Closer C
L-12396,2025-06-03 00:00:00,Meta,16+ agents,7,Setter B,Closer B
L-12397,2025-06-18 00:00:00,TikTok,Solo,3,Setter A,Closer D
L-12398,2025-04-04 00:00:00,Meta,Solo,6,Setter B,Closer D
L-12399,2025-04-29 00:00:00,Cold Outreach,6-15 agents,5,Setter B,Closer C
L-12400,2025-05-27 00:00:00,TikTok,6-15 agents,3,Setter B,Closer D
L-12401,2025-05-30 00:00:00,Meta,2-5 agents,5,Setter B,Closer D
L-12402,2025-05-07 00:00:00,Google Search,16+ agents,6,Setter B,Closer A
L-12403,2025-06-26 00:00:00,LinkedIn,6-15 agents,8,Setter C,Closer A
L-12404,2025-06-02 00:00:00,Meta,2-5 agents,8,Setter C,Closer B
L-12405,2025-02-28 00:00:00,Google Search,Solo,3,Setter A,Closer C
L-12406,2025-02-09 00:00:00,Google Search,Solo,7,Setter B,Closer D
L-12407,2025-05-06 00:00:00,LinkedIn,16+ agents,8,Setter B,Closer D
L-12408,2025-05-07 00:00:00,TikTok,2-5 agents,4,Setter C,Closer B
L-12409,2025-05-01 00:00:00,Meta,16+ agents,8,Setter A,Closer C
L-12410,2025-04-07 00:00:00,TikTok,6-15 agents,5,Setter A,Closer B
L-12411,2025-03-10 00:00:00,Cold Outreach,2-5 agents,4,Setter B,Closer C
L-12412,2025-05-18 00:00:00,TikTok,Solo,1,Setter A,Closer B
L-12413,2025-06-29 00:00:00,Referral,6-15 agents,9,Setter B,Closer C
L-12414,2025-06-10 00:00:00,TikTok,Solo,2,Setter B,Closer B
L-12415,2025-05-20 00:00:00,Google Search,Solo,8,Setter A,Closer B
L-12416,2025-06-21 00:00:00,TikTok,6-15 agents,2,Setter B,Closer B
L-12417,2025-06-14 00:00:00,LinkedIn,2-5 agents,8,Setter B,Closer B
L-12418,2025-05-01 00:00:00,Cold Outreach,Solo,3,Setter C,Closer B
L-12419,2025-04-28 00:00:00,Meta,16+ agents,3,Setter B,Closer C
L-12420,2025-06-25 00:00:00,Google Search,6-15 agents,4,Setter B,Closer B
L-12421,2025-05-11 00:00:00,LinkedIn,16+ agents,10,Setter A,Closer C
L-12422,2025-01-11 00:00:00,Google Search,2-5 agents,6,Setter B,Closer B
L-12423,2025-04-28 00:00:00,Meta,Solo,3,Setter A,Closer A
L-12424,2025-02-07 00:00:00,Google Search,16+ agents,4,Setter C,Closer A
L-12425,2025-04-10 00:00:00,Google Search,16+ agents,7,Setter A,Closer A
L-12426,2025-04-24 00:00:00,Meta,Solo,7,Setter A,Closer A
L-12427,2025-04-28 00:00:00,LinkedIn,Solo,9,Setter A,Closer A
L-12428,2025-04-14 00:00:00,Google Search,2-5 agents,5,Setter A,Closer C
L-12429,2025-01-31 00:00:00,TikTok,6-15 agents,2,Setter A,Closer C
L-12430,2025-03-28 00:00:00,Meta,2-5 agents,6,Setter C,Closer A
L-12431,2025-05-07 00:00:00,Google Search,2-5 agents,8,Setter A,Closer A
L-12432,2025-05-31 00:00:00,LinkedIn,2-5 agents,9,Setter C,Closer A
L-12433,2025-01-27 00:00:00,Google Search,6-15 agents,6,Setter A,Closer C
L-12434,2025-06-23 00:00:00,TikTok,2-5 agents,4,Setter B,Closer D
L-12435,2025-06-13 00:00:00,Meta,2-5 agents,8,Setter A,Closer C
L-12436,2025-04-05 00:00:00,Google Search,6-15 agents,5,Setter C,Closer A
L-12437,2025-05-10 00:00:00,LinkedIn,6-15 agents,7,Setter C,Closer B
L-12438,2025-06-19 00:00:00,Google Search,2-5 agents,4,Setter B,Closer A
L-12439,2025-06-10 00:00:00,Meta,16+ agents,4,Setter C,Closer A
L-12440,2025-06-13 00:00:00,Meta,6-15 agents,8,Setter A,Closer D
L-12441,2025-05-22 00:00:00,LinkedIn,6-15 agents,9,Setter B,Closer D
L-12442,2025-06-27 00:00:00,Meta,6-15 agents,8,Setter A,Closer C
L-12443,2025-05-21 00:00:00,Meta,16+ agents,8,Setter B,Closer D
L-12444,2025-03-12 00:00:00,TikTok,2-5 agents,3,Setter B,Closer D
L-12445,2025-06-22 00:00:00,LinkedIn,16+ agents,8,Setter B,Closer D
L-12446,2025-06-04 00:00:00,Meta,2-5 agents,4,Setter A,Closer C
L-12447,2025-02-26 00:00:00,Meta,16+ agents,5,Setter C,Closer C
L-12448,2025-04-11 00:00:00,Cold Outreach,2-5 agents,7,Setter A,Closer A
L-12449,2025-06-25 00:00:00,Google Search,6-15 agents,7,Setter A,Closer D
L-12450,2025-06-14 00:00:00,Meta,Solo,6,Setter B,Closer B
L-12451,2025-04-15 00:00:00,Referral,2-5 agents,10,Setter C,Closer D
L-12452,2025-05-06 00:00:00,Google Search,Solo,3,Setter C,Closer C
L-12453,2025-05-31 00:00:00,Meta,16+ agents,5,Setter C,Closer C
L-12454,2025-03-26 00:00:00,Google Search,6-15 agents,3,Setter B,Closer D
L-12455,2025-05-20 00:00:00,Google Search,Solo,3,Setter B,Closer C
L-12456,2025-05-18 00:00:00,TikTok,Solo,5,Setter C,Closer D
L-12457,2025-06-09 00:00:00,Google Search,Solo,7,Setter C,Closer D
L-12458,2025-02-20 00:00:00,Meta,Solo,7,Setter C,Closer B
L-12459,2025-04-28 00:00:00,Meta,Solo,3,Setter B,Closer C
L-12460,2025-06-02 00:00:00,TikTok,Solo,3,Setter C,Closer C
L-12461,2025-04-26 00:00:00,Google Search,Solo,6,Setter B,Closer B
L-12462,2025-06-02 00:00:00,Google Search,Solo,8,Setter C,Closer B
L-12463,2025-05-31 00:00:00,TikTok,6-15 agents,3,Setter A,Closer B
L-12464,2025-05-16 00:00:00,LinkedIn,6-15 agents,10,Setter B,Closer B
L-12465,2025-04-22 00:00:00,Referral,16+ agents,10,Setter B,Closer B
L-12466,2025-04-02 00:00:00,Cold Outreach,16+ agents,5,Setter B,Closer A
L-12467,2025-06-04 00:00:00,Cold Outreach,2-5 agents,4,Setter B,Closer D
L-12468,2025-06-24 00:00:00,Google Search,16+ agents,5,Setter B,Closer C
L-12469,2025-06-22 00:00:00,LinkedIn,2-5 agents,7,Setter B,Closer B
L-12470,2025-06-29 00:00:00,Cold Outreach,Solo,5,Setter C,Closer B
L-12471,2025-05-20 00:00:00,Meta,2-5 agents,7,Setter A,Closer C
L-12472,2025-04-05 00:00:00,TikTok,16+ agents,4,Setter A,Closer A
L-12473,2025-05-29 00:00:00,Google Search,16+ agents,6,Setter C,Closer A
L-12474,2025-06-14 00:00:00,Meta,2-5 agents,4,Setter B,Closer C
L-12475,2025-04-29 00:00:00,Cold Outreach,2-5 agents,3,Setter C,Closer B
L-12476,2025-06-04 00:00:00,Cold Outreach,16+ agents,8,Setter B,Closer A
L-12477,2025-05-13 00:00:00,Referral,2-5 agents,8,Setter C,Closer C
L-12478,2025-03-25 00:00:00,Meta,6-15 agents,5,Setter A,Closer D
L-12479,2025-05-13 00:00:00,LinkedIn,Solo,9,Setter A,Closer A
L-12480,2025-02-08 00:00:00,Meta,16+ agents,6,Setter A,Closer C
L-12481,2025-05-08 00:00:00,Cold Outreach,2-5 agents,6,Setter A,Closer C
L-12482,2025-04-10 00:00:00,Meta,6-15 agents,6,Setter A,Closer D
L-12483,2025-06-25 00:00:00,Meta,2-5 agents,6,Setter B,Closer C
L-12484,2025-03-22 00:00:00,Meta,2-5 agents,5,Setter A,Closer A
L-12485,2025-06-10 00:00:00,Cold Outreach,6-15 agents,4,Setter A,Closer A
L-12486,2025-04-25 00:00:00,Google Search,2-5 agents,8,Setter C,Closer C
L-12487,2025-05-24 00:00:00,Meta,2-5 agents,8,Setter B,Closer A
L-12488,2025-04-15 00:00:00,TikTok,16+ agents,1,Setter C,Closer B
L-12489,2025-03-10 00:00:00,Meta,16+ agents,6,Setter B,Closer C
L-12490,2025-06-03 00:00:00,LinkedIn,2-5 agents,7,Setter A,Closer C
L-12491,2025-05-02 00:00:00,Google Search,Solo,3,Setter C,Closer A
L-12492,2025-04-04 00:00:00,Google Search,2-5 agents,5,Setter C,Closer C
L-12493,2025-05-16 00:00:00,Cold Outreach,2-5 agents,6,Setter C,Closer C
L-12494,2025-06-29 00:00:00,Google Search,6-15 agents,7,Setter A,Closer A
L-12495,2025-03-27 00:00:00,Meta,Solo,8,Setter A,Closer A
L-12496,2025-04-10 00:00:00,Google Search,2-5 agents,4,Setter A,Closer B
L-12497,2025-06-22 00:00:00,TikTok,16+ agents,1,Setter B,Closer A
L-12498,2025-03-02 00:00:00,TikTok,Solo,5,Setter C,Closer D
L-12499,2025-04-14 00:00:00,Google Search,2-5 agents,5,Setter B,Closer A
L-12500,2025-03-13 00:00:00,Cold Outreach,2-5 agents,6,Setter B,Closer B
L-12501,2025-05-07 00:00:00,TikTok,2-5 agents,1,Setter B,Closer D
L-12502,2025-03-08 00:00:00,Meta,16+ agents,8,Setter A,Closer B
L-12503,2025-05-31 00:00:00,Meta,Solo,3,Setter C,Closer D
L-12504,2025-06-04 00:00:00,TikTok,2-5 agents,4,Setter C,Closer B
L-12505,2025-06-20 00:00:00,Meta,Solo,6,Setter C,Closer B
L-12506,2025-03-10 00:00:00,Google Search,6-15 agents,4,Setter C,Closer C
L-12507,2025-05-19 00:00:00,TikTok,Solo,5,Setter B,Closer D
L-12508,2025-05-19 00:00:00,Cold Outreach,Solo,6,Setter A,Closer A
L-12509,2025-06-02 00:00:00,Meta,Solo,7,Setter C,Closer D
L-12510,2025-04-25 00:00:00,Google Search,6-15 agents,3,Setter B,Closer B
L-12511,2025-04-30 00:00:00,Referral,2-5 agents,10,Setter C,Closer A
L-12512,2025-04-30 00:00:00,Meta,6-15 agents,5,Setter A,Closer B
L-12513,2025-05-11 00:00:00,TikTok,6-15 agents,2,Setter B,Closer A
L-12514,2025-03-29 00:00:00,Meta,16+ agents,3,Setter A,Closer B
L-12515,2025-03-28 00:00:00,Google Search,6-15 agents,3,Setter B,Closer C
L-12516,2025-06-05 00:00:00,Google Search,Solo,4,Setter C,Closer B
L-12517,2025-05-16 00:00:00,Meta,Solo,3,Setter B,Closer D
L-12518,2025-06-18 00:00:00,Google Search,Solo,6,Setter B,Closer B
L-12519,2025-06-17 00:00:00,Meta,6-15 agents,3,Setter C,Closer D
L-12520,2025-03-22 00:00:00,Meta,Solo,5,Setter C,Closer D
L-12521,2025-06-17 00:00:00,TikTok,Solo,5,Setter A,Closer B
L-12522,2025-06-13 00:00:00,LinkedIn,6-15 agents,7,Setter B,Closer D
L-12523,2025-03-09 00:00:00,Meta,Solo,8,Setter A,Closer B
L-12524,2025-05-15 00:00:00,Google Search,Solo,8,Setter C,Closer D
L-12525,2025-05-31 00:00:00,Meta,Solo,7,Setter C,Closer D
L-12526,2025-05-21 00:00:00,Google Search,Solo,4,Setter A,Closer C
L-12527,2025-03-08 00:00:00,Meta,2-5 agents,8,Setter B,Closer A
L-12528,2025-06-17 00:00:00,Google Search,16+ agents,3,Setter B,Closer B
L-12529,2025-04-20 00:00:00,Meta,6-15 agents,8,Setter A,Closer A
L-12530,2025-03-19 00:00:00,Meta,2-5 agents,7,Setter C,Closer B
L-12531,2025-04-15 00:00:00,TikTok,16+ agents,1,Setter A,Closer D
L-12532,2025-06-01 00:00:00,Meta,Solo,8,Setter C,Closer D
L-12533,2025-05-12 00:00:00,Google Search,6-15 agents,7,Setter C,Closer B
L-12534,2025-06-29 00:00:00,Google Search,2-5 agents,5,Setter B,Closer D
L-12535,2025-06-27 00:00:00,Meta,6-15 agents,5,Setter C,Closer D
L-12536,2025-06-03 00:00:00,LinkedIn,2-5 agents,8,Setter A,Closer B
L-12537,2025-02-02 00:00:00,Meta,2-5 agents,4,Setter A,Closer B
L-12538,2025-04-22 00:00:00,Meta,2-5 agents,6,Setter A,Closer D
L-12539,2025-06-09 00:00:00,Google Search,6-15 agents,3,Setter C,Closer A
L-12540,2025-02-08 00:00:00,Meta,16+ agents,8,Setter B,Closer D
L-12541,2025-06-07 00:00:00,Meta,16+ agents,8,Setter B,Closer B
L-12542,2025-06-10 00:00:00,Cold Outreach,16+ agents,7,Setter B,Closer D
L-12543,2025-04-13 00:00:00,Meta,Solo,3,Setter C,Closer A
L-12544,2025-06-27 00:00:00,Meta,Solo,5,Setter C,Closer A
L-12545,2025-04-23 00:00:00,LinkedIn,Solo,10,Setter B,Closer C
L-12546,2025-06-01 00:00:00,LinkedIn,6-15 agents,8,Setter C,Closer C
L-12547,2025-04-10 00:00:00,LinkedIn,2-5 agents,7,Setter B,Closer B
L-12548,2025-03-01 00:00:00,Google Search,6-15 agents,8,Setter B,Closer A
L-12549,2025-04-26 00:00:00,TikTok,16+ agents,1,Setter A,Closer A
L-12550,2025-06-03 00:00:00,Google Search,6-15 agents,8,Setter A,Closer B
L-12551,2025-06-29 00:00:00,Cold Outreach,2-5 agents,4,Setter A,Closer B
L-12552,2025-04-11 00:00:00,Meta,6-15 agents,8,Setter B,Closer C
L-12553,2025-04-01 00:00:00,Cold Outreach,6-15 agents,8,Setter B,Closer D
L-12554,2025-04-09 00:00:00,Meta,2-5 agents,8,Setter C,Closer A
L-12555,2025-04-07 00:00:00,TikTok,16+ agents,4,Setter A,Closer A
L-12556,2025-04-04 00:00:00,TikTok,6-15 agents,1,Setter C,Closer B
L-12557,2025-01-29 00:00:00,Meta,Solo,4,Setter A,Closer A
L-12558,2025-06-14 00:00:00,TikTok,Solo,3,Setter C,Closer B
L-12559,2025-05-18 00:00:00,Meta,6-15 agents,5,Setter B,Closer B
L-12560,2025-03-29 00:00:00,Meta,2-5 agents,4,Setter B,Closer B
L-12561,2025-04-15 00:00:00,Google Search,16+ agents,8,Setter C,Closer C
L-12562,2025-05-04 00:00:00,Cold Outreach,Solo,8,Setter C,Closer B
L-12563,2025-03-12 00:00:00,Google Search,Solo,7,Setter A,Closer C
L-12564,2025-02-16 00:00:00,Referral,2-5 agents,9,Setter A,Closer A
L-12565,2025-04-25 00:00:00,Meta,Solo,3,Setter B,Closer A
L-12566,2025-01-31 00:00:00,Google Search,6-15 agents,8,Setter A,Closer B
L-12567,2025-02-21 00:00:00,LinkedIn,2-5 agents,7,Setter B,Closer D
L-12568,2025-06-21 00:00:00,TikTok,2-5 agents,3,Setter B,Closer D
L-12569,2025-04-16 00:00:00,TikTok,Solo,5,Setter C,Closer B
L-12570,2025-06-18 00:00:00,TikTok,6-15 agents,3,Setter A,Closer B
L-12571,2025-06-26 00:00:00,Meta,2-5 agents,8,Setter A,Closer B
L-12572,2025-05-19 00:00:00,LinkedIn,6-15 agents,7,Setter A,Closer B
L-12573,2025-05-19 00:00:00,Meta,6-15 agents,5,Setter A,Closer C
L-12574,2025-04-26 00:00:00,Meta,6-15 agents,4,Setter C,Closer B
L-12575,2025-06-17 00:00:00,Meta,6-15 agents,5,Setter A,Closer C
L-12576,2025-04-03 00:00:00,Google Search,6-15 agents,5,Setter A,Closer B
L-12577,2025-03-05 00:00:00,Cold Outreach,2-5 agents,6,Setter C,Closer D
L-12578,2025-05-16 00:00:00,Google Search,2-5 agents,4,Setter C,Closer C
L-12579,2025-03-23 00:00:00,LinkedIn,16+ agents,7,Setter A,Closer C
L-12580,2025-06-08 00:00:00,TikTok,16+ agents,2,Setter C,Closer D
L-12581,2025-06-18 00:00:00,Meta,16+ agents,4,Setter A,Closer A
L-12582,2025-04-14 00:00:00,TikTok,16+ agents,4,Setter B,Closer A
L-12583,2025-05-15 00:00:00,Google Search,6-15 agents,8,Setter B,Closer B
L-12584,2025-06-28 00:00:00,LinkedIn,Solo,8,Setter B,Closer A
L-12585,2025-06-15 00:00:00,LinkedIn,6-15 agents,9,Setter C,Closer A
L-12586,2025-01-24 00:00:00,LinkedIn,16+ agents,7,Setter C,Closer C
L-12587,2025-06-02 00:00:00,TikTok,6-15 agents,3,Setter C,Closer B
L-12588,2025-04-09 00:00:00,Meta,Solo,4,Setter B,Closer B
L-12589,2025-06-01 00:00:00,Meta,2-5 agents,5,Setter C,Closer D
L-12590,2025-06-10 00:00:00,LinkedIn,16+ agents,9,Setter A,Closer C
L-12591,2025-06-18 00:00:00,LinkedIn,Solo,8,Setter A,Closer D
L-12592,2025-06-11 00:00:00,LinkedIn,16+ agents,9,Setter C,Closer B
L-12593,2025-04-15 00:00:00,Google Search,6-15 agents,3,Setter B,Closer C
L-12594,2025-04-27 00:00:00,Meta,16+ agents,8,Setter A,Closer D
L-12595,2025-05-29 00:00:00,Google Search,6-15 agents,5,Setter C,Closer A
L-12596,2025-04-30 00:00:00,Google Search,2-5 agents,8,Setter C,Closer C
L-12597,2025-06-09 00:00:00,Meta,16+ agents,4,Setter C,Closer C
L-12598,2025-04-28 00:00:00,TikTok,2-5 agents,2,Setter C,Closer A
L-12599,2025-05-28 00:00:00,Google Search,Solo,7,Setter C,Closer C
L-12600,2025-03-09 00:00:00,TikTok,16+ agents,4,Setter B,Closer C
L-12601,2025-05-09 00:00:00,TikTok,2-5 agents,1,Setter A,Closer C
L-12602,2025-06-24 00:00:00,Meta,Solo,3,Setter A,Closer D
L-12603,2025-02-28 00:00:00,Meta,2-5 agents,3,Setter C,Closer C
L-12604,2025-02-18 00:00:00,Meta,16+ agents,4,Setter C,Closer A
L-12605,2025-06-25 00:00:00,Meta,Solo,4,Setter C,Closer D
L-12606,2025-05-29 00:00:00,LinkedIn,6-15 agents,7,Setter B,Closer C
L-12607,2025-02-10 00:00:00,TikTok,6-15 agents,5,Setter B,Closer A
L-12608,2025-02-04 00:00:00,Meta,2-5 agents,6,Setter B,Closer C
L-12609,2025-05-29 00:00:00,Google Search,6-15 agents,6,Setter B,Closer D
L-12610,2025-03-27 00:00:00,TikTok,6-15 agents,3,Setter B,Closer A
L-12611,2025-02-11 00:00:00,Cold Outreach,6-15 agents,3,Setter C,Closer A
L-12612,2025-03-01 00:00:00,Referral,16+ agents,9,Setter A,Closer C
L-12613,2025-04-07 00:00:00,LinkedIn,Solo,8,Setter B,Closer B
L-12614,2025-06-28 00:00:00,Meta,Solo,3,Setter A,Closer C
L-12615,2025-04-05 00:00:00,TikTok,16+ agents,2,Setter B,Closer D
L-12616,2025-05-27 00:00:00,Referral,2-5 agents,8,Setter A,Closer C
L-12617,2025-04-27 00:00:00,Google Search,6-15 agents,5,Setter A,Closer B
L-12618,2025-06-18 00:00:00,TikTok,Solo,1,Setter A,Closer A
L-12619,2025-05-24 00:00:00,Meta,2-5 agents,7,Setter B,Closer C
L-12620,2025-05-15 00:00:00,Meta,Solo,4,Setter C,Closer A
L-12621,2025-02-28 00:00:00,Google Search,Solo,3,Setter B,Closer A
L-12622,2025-04-22 00:00:00,TikTok,2-5 agents,2,Setter A,Closer D
L-12623,2025-05-30 00:00:00,Cold Outreach,6-15 agents,5,Setter B,Closer D
L-12624,2025-05-28 00:00:00,LinkedIn,2-5 agents,7,Setter A,Closer C
L-12625,2025-04-03 00:00:00,LinkedIn,Solo,8,Setter C,Closer B
L-12626,2025-05-17 00:00:00,Google Search,Solo,7,Setter B,Closer C
L-12627,2025-06-01 00:00:00,LinkedIn,6-15 agents,10,Setter B,Closer B
L-12628,2025-06-27 00:00:00,Google Search,Solo,8,Setter B,Closer B
L-12629,2025-03-30 00:00:00,Meta,Solo,6,Setter B,Closer C
L-12630,2025-05-29 00:00:00,Meta,2-5 agents,5,Setter C,Closer D
L-12631,2025-06-29 00:00:00,Google Search,Solo,8,Setter C,Closer D
L-12632,2025-03-05 00:00:00,TikTok,2-5 agents,4,Setter A,Closer C
L-12633,2025-04-17 00:00:00,Google Search,16+ agents,8,Setter C,Closer A
L-12634,2025-04-19 00:00:00,Cold Outreach,16+ agents,5,Setter C,Closer A
L-12635,2025-06-27 00:00:00,Meta,6-15 agents,8,Setter C,Closer B
L-12636,2025-06-16 00:00:00,TikTok,16+ agents,3,Setter C,Closer C
L-12637,2025-03-02 00:00:00,Meta,16+ agents,5,Setter B,Closer C
L-12638,2025-04-04 00:00:00,TikTok,2-5 agents,4,Setter A,Closer C
L-12639,2025-03-11 00:00:00,Meta,6-15 agents,5,Setter B,Closer A
L-12640,2025-06-18 00:00:00,Cold Outreach,6-15 agents,4,Setter A,Closer D
L-12641,2025-06-27 00:00:00,Google Search,2-5 agents,4,Setter C,Closer B
L-12642,2025-05-29 00:00:00,Meta,6-15 agents,4,Setter C,Closer B
L-12643,2025-06-19 00:00:00,TikTok,2-5 agents,5,Setter A,Closer B
L-12644,2025-06-23 00:00:00,Meta,Solo,8,Setter B,Closer C
L-12645,2025-05-12 00:00:00,TikTok,6-15 agents,4,Setter A,Closer B
L-12646,2025-05-16 00:00:00,Meta,Solo,8,Setter C,Closer C
L-12647,2025-05-22 00:00:00,LinkedIn,6-15 agents,10,Setter B,Closer A
L-12648,2025-06-17 00:00:00,Google Search,2-5 agents,8,Setter A,Closer B
L-12649,2025-02-08 00:00:00,Meta,6-15 agents,4,Setter A,Closer D
L-12650,2025-03-10 00:00:00,Google Search,6-15 agents,8,Setter B,Closer C
L-12651,2025-05-21 00:00:00,TikTok,Solo,3,Setter A,Closer C
L-12652,2025-05-22 00:00:00,LinkedIn,2-5 agents,10,Setter B,Closer D
L-12653,2025-05-01 00:00:00,Google Search,16+ agents,4,Setter C,Closer D
L-12654,2025-02-03 00:00:00,Cold Outreach,2-5 agents,6,Setter A,Closer B
L-12655,2025-01-24 00:00:00,TikTok,6-15 agents,5,Setter A,Closer B
L-12656,2025-06-08 00:00:00,Meta,16+ agents,6,Setter B,Closer C
L-12657,2025-03-21 00:00:00,Google Search,16+ agents,6,Setter B,Closer B
L-12658,2025-03-19 00:00:00,TikTok,6-15 agents,4,Setter B,Closer D
L-12659,2025-05-24 00:00:00,LinkedIn,16+ agents,7,Setter B,Closer D
L-12660,2025-06-04 00:00:00,LinkedIn,16+ agents,8,Setter A,Closer B
L-12661,2025-05-21 00:00:00,TikTok,16+ agents,1,Setter C,Closer D
L-12662,2025-02-26 00:00:00,Google Search,2-5 agents,8,Setter C,Closer C
L-12663,2025-05-08 00:00:00,TikTok,Solo,5,Setter A,Closer D
L-12664,2025-05-19 00:00:00,TikTok,6-15 agents,5,Setter C,Closer B
L-12665,2025-02-22 00:00:00,LinkedIn,2-5 agents,10,Setter B,Closer D
L-12666,2025-06-28 00:00:00,Cold Outreach,Solo,8,Setter B,Closer B
L-12667,2025-06-10 00:00:00,Meta,6-15 agents,4,Setter C,Closer A
L-12668,2025-04-04 00:00:00,Meta,6-15 agents,3,Setter C,Closer C
L-12669,2025-04-14 00:00:00,Meta,Solo,6,Setter A,Closer B
L-12670,2025-05-31 00:00:00,Google Search,6-15 agents,8,Setter C,Closer C
L-12671,2025-06-14 00:00:00,TikTok,Solo,4,Setter C,Closer D
L-12672,2025-04-12 00:00:00,Cold Outreach,16+ agents,4,Setter B,Closer A
L-12673,2025-04-27 00:00:00,Meta,Solo,6,Setter B,Closer C
L-12674,2025-02-19 00:00:00,Meta,2-5 agents,8,Setter A,Closer D
L-12675,2025-05-01 00:00:00,Meta,2-5 agents,4,Setter B,Closer C
L-12676,2025-06-18 00:00:00,Google Search,16+ agents,7,Setter B,Closer B
L-12677,2025-06-13 00:00:00,Google Search,16+ agents,7,Setter C,Closer B
L-12678,2025-04-29 00:00:00,Meta,2-5 agents,7,Setter A,Closer C
L-12679,2025-04-22 00:00:00,Meta,6-15 agents,7,Setter A,Closer B
L-12680,2025-05-20 00:00:00,Google Search,2-5 agents,5,Setter B,Closer D
L-12681,2025-05-31 00:00:00,Meta,Solo,8,Setter C,Closer A
L-12682,2025-03-11 00:00:00,Google Search,2-5 agents,3,Setter C,Closer A
L-12683,2025-04-12 00:00:00,Meta,16+ agents,7,Setter C,Closer A
L-12684,2025-04-13 00:00:00,Referral,2-5 agents,9,Setter C,Closer A
L-12685,2025-03-22 00:00:00,TikTok,Solo,3,Setter A,Closer C
L-12686,2025-04-12 00:00:00,Meta,16+ agents,5,Setter C,Closer C
L-12687,2025-06-07 00:00:00,Google Search,2-5 agents,7,Setter B,Closer B
L-12688,2025-03-21 00:00:00,Meta,16+ agents,4,Setter B,Closer D
L-12689,2025-05-24 00:00:00,Google Search,6-15 agents,8,Setter B,Closer B
L-12690,2025-05-15 00:00:00,LinkedIn,Solo,8,Setter C,Closer A
L-12691,2025-05-22 00:00:00,Meta,Solo,8,Setter B,Closer B
L-12692,2025-03-05 00:00:00,LinkedIn,16+ agents,9,Setter A,Closer B
L-12693,2025-05-28 00:00:00,Google Search,6-15 agents,6,Setter C,Closer B
L-12694,2025-04-11 00:00:00,TikTok,2-5 agents,1,Setter B,Closer A
L-12695,2025-05-24 00:00:00,TikTok,2-5 agents,2,Setter A,Closer C
L-12696,2025-03-28 00:00:00,Google Search,6-15 agents,4,Setter A,Closer D
L-12697,2025-04-17 00:00:00,Meta,6-15 agents,6,Setter B,Closer C
L-12698,2025-06-23 00:00:00,Meta,Solo,7,Setter B,Closer D
L-12699,2025-06-16 00:00:00,Meta,Solo,4,Setter B,Closer C
L-12700,2025-03-29 00:00:00,Google Search,2-5 agents,4,Setter C,Closer B
L-12701,2025-06-26 00:00:00,Cold Outreach,Solo,5,Setter C,Closer D
L-12702,2025-06-03 00:00:00,Google Search,16+ agents,8,Setter A,Closer D
L-12703,2025-05-18 00:00:00,Google Search,6-15 agents,5,Setter A,Closer B
L-12704,2025-06-05 00:00:00,Meta,Solo,3,Setter B,Closer D
L-12705,2025-05-01 00:00:00,Meta,16+ agents,3,Setter C,Closer B
L-12706,2025-06-26 00:00:00,Meta,6-15 agents,6,Setter B,Closer A
L-12707,2025-03-24 00:00:00,Meta,6-15 agents,5,Setter A,Closer A
L-12708,2025-02-08 00:00:00,Google Search,Solo,5,Setter B,Closer A
L-12709,2025-04-23 00:00:00,Meta,6-15 agents,3,Setter C,Closer C
L-12710,2025-05-14 00:00:00,TikTok,2-5 agents,2,Setter B,Closer D
L-12711,2025-06-20 00:00:00,LinkedIn,6-15 agents,7,Setter B,Closer B
L-12712,2025-04-07 00:00:00,TikTok,2-5 agents,4,Setter B,Closer C
L-12713,2025-05-03 00:00:00,Meta,Solo,7,Setter C,Closer C
L-12714,2025-01-21 00:00:00,Meta,16+ agents,4,Setter A,Closer C
L-12715,2025-04-07 00:00:00,Meta,6-15 agents,4,Setter A,Closer C
L-12716,2025-06-18 00:00:00,Meta,6-15 agents,5,Setter A,Closer C
L-12717,2025-05-28 00:00:00,Google Search,6-15 agents,6,Setter C,Closer D
L-12718,2025-05-22 00:00:00,Meta,2-5 agents,3,Setter B,Closer C
L-12719,2025-04-08 00:00:00,Referral,2-5 agents,9,Setter C,Closer C
L-12720,2025-05-30 00:00:00,TikTok,Solo,5,Setter C,Closer C
L-12721,2025-04-04 00:00:00,Meta,6-15 agents,8,Setter C,Closer B
L-12722,2025-04-18 00:00:00,Cold Outreach,16+ agents,5,Setter C,Closer C
L-12723,2025-05-13 00:00:00,Referral,16+ agents,8,Setter B,Closer C
L-12724,2025-06-01 00:00:00,Google Search,Solo,3,Setter A,Closer D
L-12725,2025-03-16 00:00:00,TikTok,6-15 agents,2,Setter A,Closer A
L-12726,2025-04-25 00:00:00,Google Search,2-5 agents,3,Setter A,Closer B
L-12727,2025-03-05 00:00:00,Meta,Solo,7,Setter A,Closer D
L-12728,2025-05-31 00:00:00,LinkedIn,6-15 agents,10,Setter A,Closer B
L-12729,2025-05-05 00:00:00,Cold Outreach,6-15 agents,7,Setter C,Closer C
L-12730,2025-05-10 00:00:00,LinkedIn,Solo,8,Setter B,Closer A
L-12731,2025-04-12 00:00:00,Meta,Solo,7,Setter C,Closer B
L-12732,2025-06-25 00:00:00,Meta,6-15 agents,4,Setter B,Closer C
L-12733,2025-05-12 00:00:00,Google Search,6-15 agents,4,Setter C,Closer B
L-12734,2025-04-01 00:00:00,Meta,2-5 agents,4,Setter B,Closer B
L-12735,2025-03-02 00:00:00,Google Search,Solo,4,Setter B,Closer D
L-12736,2025-01-31 00:00:00,Meta,16+ agents,6,Setter C,Closer B
L-12737,2025-05-12 00:00:00,TikTok,6-15 agents,1,Setter A,Closer B
L-12738,2025-05-20 00:00:00,Meta,6-15 agents,6,Setter B,Closer D
L-12739,2025-06-14 00:00:00,Google Search,2-5 agents,3,Setter B,Closer D
L-12740,2025-04-07 00:00:00,Cold Outreach,6-15 agents,4,Setter A,Closer B
L-12741,2025-04-23 00:00:00,Google Search,6-15 agents,7,Setter A,Closer A
L-12742,2025-06-04 00:00:00,Cold Outreach,Solo,7,Setter C,Closer D
L-12743,2025-05-09 00:00:00,TikTok,2-5 agents,4,Setter C,Closer A
L-12744,2025-05-03 00:00:00,Meta,16+ agents,8,Setter C,Closer B
L-12745,2025-06-17 00:00:00,TikTok,Solo,5,Setter A,Closer C
L-12746,2025-06-16 00:00:00,LinkedIn,2-5 agents,10,Setter A,Closer C
L-12747,2025-03-26 00:00:00,Google Search,2-5 agents,8,Setter B,Closer C
L-12748,2025-06-26 00:00:00,Meta,Solo,3,Setter A,Closer A
L-12749,2025-01-25 00:00:00,Meta,16+ agents,3,Setter B,Closer A
L-12750,2025-05-13 00:00:00,Google Search,2-5 agents,7,Setter A,Closer B
L-12751,2025-04-19 00:00:00,LinkedIn,16+ agents,7,Setter A,Closer B
L-12752,2025-05-15 00:00:00,TikTok,2-5 agents,3,Setter B,Closer D
L-12753,2025-03-14 00:00:00,LinkedIn,2-5 agents,8,Setter B,Closer D
L-12754,2025-03-22 00:00:00,Meta,Solo,3,Setter B,Closer C
L-12755,2025-05-05 00:00:00,Meta,2-5 agents,6,Setter A,Closer C
L-12756,2025-04-24 00:00:00,Cold Outreach,Solo,5,Setter A,Closer B
L-12757,2025-05-12 00:00:00,Meta,2-5 agents,7,Setter C,Closer B
L-12758,2025-03-07 00:00:00,Google Search,16+ agents,3,Setter B,Closer B
L-12759,2025-06-26 00:00:00,Google Search,6-15 agents,7,Setter B,Closer A
L-12760,2025-05-29 00:00:00,Meta,2-5 agents,6,Setter B,Closer D
L-12761,2025-06-21 00:00:00,LinkedIn,16+ agents,9,Setter B,Closer D
L-12762,2025-02-02 00:00:00,TikTok,6-15 agents,5,Setter B,Closer C
L-12763,2025-05-28 00:00:00,LinkedIn,16+ agents,8,Setter A,Closer D
L-12764,2025-02-28 00:00:00,TikTok,2-5 agents,5,Setter A,Closer B
L-12765,2025-05-03 00:00:00,Referral,Solo,8,Setter B,Closer D
L-12766,2025-06-22 00:00:00,Google Search,Solo,3,Setter B,Closer A
L-12767,2025-02-17 00:00:00,Meta,16+ agents,8,Setter B,Closer D
L-12768,2025-03-31 00:00:00,Meta,2-5 agents,3,Setter A,Closer B
L-12769,2025-03-17 00:00:00,Meta,6-15 agents,6,Setter A,Closer D
L-12770,2025-04-20 00:00:00,Meta,6-15 agents,4,Setter A,Closer A
L-12771,2025-06-11 00:00:00,LinkedIn,Solo,8,Setter A,Closer B
L-12772,2025-04-28 00:00:00,Google Search,16+ agents,3,Setter A,Closer C
L-12773,2025-02-23 00:00:00,Google Search,2-5 agents,7,Setter A,Closer A
L-12774,2025-04-22 00:00:00,Meta,16+ agents,7,Setter C,Closer A
L-12775,2025-05-25 00:00:00,Meta,2-5 agents,8,Setter B,Closer D
L-12776,2025-05-25 00:00:00,Google Search,16+ agents,8,Setter B,Closer C
L-12777,2025-05-03 00:00:00,Referral,2-5 agents,10,Setter A,Closer B
L-12778,2025-01-23 00:00:00,TikTok,2-5 agents,3,Setter C,Closer D
L-12779,2025-03-16 00:00:00,Google Search,6-15 agents,8,Setter C,Closer C
L-12780,2025-06-25 00:00:00,Meta,16+ agents,4,Setter A,Closer B
L-12781,2025-06-06 00:00:00,Google Search,6-15 agents,8,Setter B,Closer A
L-12782,2025-06-04 00:00:00,Meta,16+ agents,7,Setter C,Closer C
L-12783,2025-04-07 00:00:00,LinkedIn,16+ agents,8,Setter A,Closer D
L-12784,2025-06-28 00:00:00,Meta,2-5 agents,6,Setter A,Closer D
L-12785,2025-05-23 00:00:00,Meta,6-15 agents,7,Setter B,Closer B
L-12786,2025-05-15 00:00:00,TikTok,16+ agents,5,Setter C,Closer B
L-12787,2025-01-14 00:00:00,Google Search,6-15 agents,5,Setter C,Closer A
L-12788,2025-01-26 00:00:00,Cold Outreach,16+ agents,7,Setter B,Closer B
L-12789,2025-04-10 00:00:00,LinkedIn,2-5 agents,7,Setter B,Closer C
L-12790,2025-05-22 00:00:00,Meta,6-15 agents,3,Setter A,Closer D
L-12791,2025-04-01 00:00:00,Google Search,16+ agents,4,Setter A,Closer C
L-12792,2025-03-23 00:00:00,Meta,Solo,4,Setter B,Closer B
L-12793,2025-06-08 00:00:00,Google Search,Solo,3,Setter B,Closer A
L-12794,2025-05-19 00:00:00,Cold Outreach,2-5 agents,3,Setter B,Closer C
L-12795,2025-06-10 00:00:00,Meta,16+ agents,3,Setter B,Closer B
L-12796,2025-05-20 00:00:00,LinkedIn,16+ agents,8,Setter C,Closer D
L-12797,2025-04-29 00:00:00,Cold Outreach,16+ agents,3,Setter B,Closer D
L-12798,2025-06-27 00:00:00,Meta,6-15 agents,6,Setter B,Closer B
L-12799,2025-06-23 00:00:00,Google Search,2-5 agents,4,Setter A,Closer D
L-12800,2025-02-14 00:00:00,TikTok,2-5 agents,3,Setter A,Closer D
L-12801,2025-06-29 00:00:00,LinkedIn,2-5 agents,8,Setter C,Closer D
L-12802,2025-06-17 00:00:00,TikTok,16+ agents,1,Setter B,Closer B
L-12803,2025-04-23 00:00:00,Cold Outreach,6-15 agents,6,Setter A,Closer C
L-12804,2025-06-19 00:00:00,Meta,Solo,7,Setter B,Closer D
L-12805,2025-01-18 00:00:00,Cold Outreach,Solo,5,Setter C,Closer B
L-12806,2025-03-09 00:00:00,Google Search,Solo,7,Setter A,Closer D
L-12807,2025-05-24 00:00:00,Meta,Solo,5,Setter C,Closer C
L-12808,2025-05-07 00:00:00,Meta,6-15 agents,8,Setter B,Closer C
L-12809,2025-02-20 00:00:00,Google Search,2-5 agents,4,Setter A,Closer B
L-12810,2025-06-28 00:00:00,Meta,2-5 agents,5,Setter A,Closer B
L-12811,2025-04-21 00:00:00,Cold Outreach,6-15 agents,8,Setter B,Closer D
L-12812,2025-05-22 00:00:00,TikTok,16+ agents,2,Setter C,Closer A
L-12813,2025-05-15 00:00:00,Cold Outreach,6-15 agents,7,Setter A,Closer B
L-12814,2025-04-27 00:00:00,TikTok,2-5 agents,3,Setter C,Closer B
L-12815,2025-05-26 00:00:00,TikTok,Solo,3,Setter C,Closer A
L-12816,2025-06-03 00:00:00,Meta,6-15 agents,5,Setter C,Closer C
L-12817,2025-06-14 00:00:00,Google Search,16+ agents,4,Setter B,Closer D
L-12818,2025-04-17 00:00:00,Google Search,2-5 agents,5,Setter A,Closer A
L-12819,2025-06-01 00:00:00,Meta,16+ agents,3,Setter A,Closer C
L-12820,2025-04-04 00:00:00,Meta,16+ agents,3,Setter A,Closer B
L-12821,2025-06-25 00:00:00,Meta,16+ agents,4,Setter B,Closer B
L-12822,2025-04-24 00:00:00,Google Search,Solo,5,Setter B,Closer B
L-12823,2025-05-26 00:00:00,Google Search,2-5 agents,4,Setter A,Closer A
L-12824,2025-03-17 00:00:00,Meta,6-15 agents,3,Setter C,Closer B
L-12825,2025-06-29 00:00:00,Meta,2-5 agents,7,Setter B,Closer A
L-12826,2025-06-07 00:00:00,Meta,6-15 agents,6,Setter A,Closer D
L-12827,2025-05-24 00:00:00,Meta,6-15 agents,8,Setter A,Closer B
L-12828,2025-03-21 00:00:00,Google Search,6-15 agents,6,Setter C,Closer D
L-12829,2025-05-09 00:00:00,LinkedIn,2-5 agents,10,Setter C,Closer C
L-12830,2025-05-25 00:00:00,Meta,Solo,7,Setter C,Closer D
L-12831,2025-05-28 00:00:00,Meta,Solo,5,Setter C,Closer C
L-12832,2025-06-09 00:00:00,LinkedIn,16+ agents,7,Setter C,Closer B
L-12833,2025-05-23 00:00:00,Google Search,16+ agents,8,Setter C,Closer B
L-12834,2025-05-22 00:00:00,Referral,16+ agents,10,Setter A,Closer C
L-12835,2025-04-07 00:00:00,Google Search,6-15 agents,3,Setter A,Closer A
L-12836,2025-04-18 00:00:00,Meta,6-15 agents,6,Setter A,Closer A
L-12837,2025-04-04 00:00:00,Google Search,Solo,3,Setter B,Closer B
L-12838,2025-06-25 00:00:00,Google Search,6-15 agents,5,Setter C,Closer A
L-12839,2025-04-02 00:00:00,Cold Outreach,Solo,5,Setter B,Closer D
L-12840,2025-02-14 00:00:00,LinkedIn,2-5 agents,7,Setter C,Closer A
L-12841,2025-04-22 00:00:00,Meta,6-15 agents,6,Setter B,Closer B
L-12842,2025-03-11 00:00:00,LinkedIn,2-5 agents,9,Setter C,Closer D
L-12843,2025-06-08 00:00:00,Meta,16+ agents,4,Setter A,Closer B
L-12844,2025-04-10 00:00:00,Google Search,2-5 agents,4,Setter B,Closer C
L-12845,2025-03-07 00:00:00,Meta,16+ agents,8,Setter C,Closer A
L-12846,2025-06-01 00:00:00,LinkedIn,16+ agents,8,Setter C,Closer A
L-12847,2025-05-14 00:00:00,Meta,2-5 agents,7,Setter A,Closer B
L-12848,2025-03-15 00:00:00,TikTok,Solo,5,Setter A,Closer A
L-12849,2025-06-14 00:00:00,Google Search,2-5 agents,3,Setter A,Closer A
L-12850,2025-02-10 00:00:00,Meta,16+ agents,5,Setter C,Closer B
L-12851,2025-04-28 00:00:00,Cold Outreach,16+ agents,5,Setter B,Closer A
L-12852,2025-05-28 00:00:00,Meta,6-15 agents,8,Setter A,Closer D
L-12853,2025-06-06 00:00:00,Meta,16+ agents,5,Setter B,Closer D
L-12854,2025-03-04 00:00:00,Google Search,6-15 agents,6,Setter B,Closer A
L-12855,2025-04-18 00:00:00,Meta,Solo,4,Setter A,Closer B
L-12856,2025-01-08 00:00:00,Google Search,6-15 agents,8,Setter A,Closer C
L-12857,2025-03-18 00:00:00,Google Search,16+ agents,5,Setter B,Closer C
L-12858,2025-04-19 00:00:00,Google Search,2-5 agents,3,Setter C,Closer C
L-12859,2025-03-12 00:00:00,Meta,6-15 agents,3,Setter C,Closer C
L-12860,2025-06-24 00:00:00,TikTok,2-5 agents,4,Setter B,Closer D
L-12861,2025-06-08 00:00:00,Meta,16+ agents,6,Setter C,Closer A
L-12862,2025-04-02 00:00:00,Cold Outreach,2-5 agents,4,Setter A,Closer D
L-12863,2025-06-16 00:00:00,Google Search,16+ agents,6,Setter C,Closer D
L-12864,2025-05-28 00:00:00,TikTok,16+ agents,3,Setter A,Closer C
L-12865,2025-06-03 00:00:00,Google Search,2-5 agents,8,Setter A,Closer D
L-12866,2025-06-06 00:00:00,TikTok,16+ agents,3,Setter B,Closer A
L-12867,2025-05-31 00:00:00,TikTok,6-15 agents,5,Setter A,Closer B
L-12868,2025-05-20 00:00:00,Cold Outreach,Solo,8,Setter A,Closer C
L-12869,2025-04-10 00:00:00,TikTok,2-5 agents,1,Setter C,Closer D
L-12870,2025-06-29 00:00:00,Google Search,6-15 agents,7,Setter B,Closer C
L-12871,2025-04-16 00:00:00,Meta,Solo,4,Setter C,Closer C
L-12872,2025-03-30 00:00:00,Google Search,6-15 agents,7,Setter C,Closer B
L-12873,2025-05-17 00:00:00,Google Search,16+ agents,6,Setter A,Closer A
L-12874,2025-04-15 00:00:00,Google Search,Solo,7,Setter B,Closer B
L-12875,2025-06-21 00:00:00,Meta,6-15 agents,7,Setter C,Closer A
L-12876,2025-03-29 00:00:00,LinkedIn,Solo,8,Setter C,Closer D
L-12877,2025-06-09 00:00:00,Google Search,16+ agents,4,Setter C,Closer A
L-12878,2025-04-16 00:00:00,Referral,Solo,9,Setter A,Closer D
L-12879,2025-05-28 00:00:00,Meta,2-5 agents,6,Setter B,Closer C
L-12880,2025-06-08 00:00:00,Meta,6-15 agents,7,Setter B,Closer B
L-12881,2025-05-11 00:00:00,Google Search,2-5 agents,4,Setter A,Closer B
L-12882,2025-04-06 00:00:00,Google Search,2-5 agents,8,Setter B,Closer D
L-12883,2025-05-29 00:00:00,Google Search,6-15 agents,5,Setter A,Closer B
L-12884,2025-04-22 00:00:00,TikTok,6-15 agents,1,Setter C,Closer C
L-12885,2025-04-15 00:00:00,Meta,2-5 agents,3,Setter B,Closer B
L-12886,2025-06-02 00:00:00,Meta,16+ agents,6,Setter A,Closer C
L-12887,2025-06-16 00:00:00,LinkedIn,Solo,9,Setter C,Closer D
L-12888,2025-06-08 00:00:00,LinkedIn,Solo,8,Setter B,Closer C
L-12889,2025-04-24 00:00:00,Meta,Solo,8,Setter C,Closer D
L-12890,2025-06-13 00:00:00,Meta,2-5 agents,3,Setter C,Closer D
L-12891,2025-06-24 00:00:00,TikTok,16+ agents,2,Setter A,Closer A
L-12892,2025-06-10 00:00:00,Referral,Solo,8,Setter B,Closer B
L-12893,2025-04-24 00:00:00,Meta,2-5 agents,8,Setter B,Closer D
L-12894,2025-03-28 00:00:00,Cold Outreach,Solo,7,Setter A,Closer A
L-12895,2025-04-29 00:00:00,Meta,2-5 agents,4,Setter B,Closer B
L-12896,2025-05-07 00:00:00,TikTok,6-15 agents,5,Setter B,Closer A
L-12897,2025-06-17 00:00:00,Meta,16+ agents,6,Setter C,Closer D
L-12898,2025-06-03 00:00:00,Meta,2-5 agents,4,Setter C,Closer D
L-12899,2025-04-20 00:00:00,LinkedIn,Solo,7,Setter B,Closer D
L-12900,2025-04-21 00:00:00,Google Search,2-5 agents,6,Setter B,Closer D
L-12901,2025-05-31 00:00:00,Google Search,2-5 agents,3,Setter B,Closer C
L-12902,2025-06-20 00:00:00,LinkedIn,16+ agents,7,Setter A,Closer C
L-12903,2025-05-08 00:00:00,TikTok,6-15 agents,1,Setter C,Closer B
L-12904,2025-05-11 00:00:00,Google Search,2-5 agents,7,Setter A,Closer D
L-12905,2025-06-07 00:00:00,Meta,16+ agents,3,Setter C,Closer B
L-12906,2025-06-27 00:00:00,TikTok,16+ agents,5,Setter A,Closer D
L-12907,2025-03-25 00:00:00,Google Search,2-5 agents,4,Setter A,Closer D
L-12908,2025-03-20 00:00:00,Cold Outreach,2-5 agents,6,Setter B,Closer D
L-12909,2025-03-04 00:00:00,Google Search,16+ agents,6,Setter C,Closer A
L-12910,2025-05-14 00:00:00,Cold Outreach,6-15 agents,5,Setter B,Closer B
L-12911,2025-04-25 00:00:00,Google Search,Solo,6,Setter C,Closer A
L-12912,2025-05-30 00:00:00,Referral,Solo,10,Setter B,Closer D
L-12913,2025-05-18 00:00:00,Google Search,2-5 agents,5,Setter A,Closer C
L-12914,2025-06-08 00:00:00,Google Search,2-5 agents,4,Setter B,Closer C
L-12915,2025-03-10 00:00:00,Google Search,2-5 agents,4,Setter C,Closer B
L-12916,2025-02-15 00:00:00,Meta,Solo,8,Setter C,Closer B
L-12917,2025-05-25 00:00:00,Meta,Solo,5,Setter B,Closer D
L-12918,2025-04-09 00:00:00,TikTok,16+ agents,1,Setter B,Closer D
L-12919,2025-05-20 00:00:00,Meta,2-5 agents,6,Setter C,Closer A
L-12920,2025-06-02 00:00:00,Referral,16+ agents,10,Setter C,Closer D
L-12921,2025-03-05 00:00:00,Cold Outreach,2-5 agents,6,Setter B,Closer D
L-12922,2025-06-29 00:00:00,Meta,16+ agents,6,Setter B,Closer B
L-12923,2025-06-17 00:00:00,Google Search,6-15 agents,7,Setter C,Closer A
L-12924,2025-06-10 00:00:00,Meta,2-5 agents,3,Setter A,Closer D
L-12925,2025-04-29 00:00:00,Meta,Solo,8,Setter B,Closer D
L-12926,2025-06-14 00:00:00,Google Search,6-15 agents,6,Setter B,Closer C
L-12927,2025-06-07 00:00:00,TikTok,Solo,5,Setter C,Closer B
L-12928,2025-03-08 00:00:00,Meta,2-5 agents,6,Setter B,Closer A
L-12929,2025-05-25 00:00:00,Meta,Solo,4,Setter B,Closer D
L-12930,2025-03-10 00:00:00,Cold Outreach,6-15 agents,3,Setter A,Closer D
L-12931,2025-04-29 00:00:00,Google Search,2-5 agents,5,Setter A,Closer C
L-12932,2025-04-19 00:00:00,Google Search,2-5 agents,3,Setter C,Closer A
L-12933,2025-05-22 00:00:00,Google Search,2-5 agents,5,Setter A,Closer D
L-12934,2025-04-12 00:00:00,Google Search,Solo,7,Setter C,Closer D
L-12935,2025-06-01 00:00:00,Google Search,16+ agents,5,Setter C,Closer B
L-12936,2025-05-18 00:00:00,TikTok,6-15 agents,3,Setter C,Closer C
L-12937,2025-04-17 00:00:00,Google Search,2-5 agents,5,Setter B,Closer B
L-12938,2025-06-01 00:00:00,Meta,2-5 agents,3,Setter C,Closer B
L-12939,2025-04-21 00:00:00,Meta,6-15 agents,3,Setter A,Closer A
L-12940,2025-02-24 00:00:00,Referral,16+ agents,8,Setter A,Closer B
L-12941,2025-04-24 00:00:00,Cold Outreach,2-5 agents,7,Setter C,Closer C
L-12942,2025-03-31 00:00:00,TikTok,Solo,4,Setter B,Closer D
L-12943,2025-06-11 00:00:00,Meta,16+ agents,5,Setter C,Closer C
L-12944,2025-05-26 00:00:00,Google Search,16+ agents,4,Setter B,Closer C
L-12945,2025-06-01 00:00:00,TikTok,Solo,1,Setter A,Closer C
L-12946,2025-03-01 00:00:00,Cold Outreach,Solo,8,Setter A,Closer D
L-12947,2025-05-18 00:00:00,Google Search,2-5 agents,7,Setter C,Closer A
L-12948,2025-02-26 00:00:00,Meta,16+ agents,4,Setter B,Closer A
L-12949,2025-05-19 00:00:00,Meta,2-5 agents,6,Setter B,Closer B
L-12950,2025-05-12 00:00:00,LinkedIn,16+ agents,10,Setter A,Closer C
L-12951,2025-03-10 00:00:00,Meta,16+ agents,8,Setter A,Closer D
L-12952,2025-04-20 00:00:00,Google Search,2-5 agents,4,Setter A,Closer D
L-12953,2025-06-18 00:00:00,Meta,16+ agents,3,Setter B,Closer A
L-12954,2025-04-09 00:00:00,Google Search,Solo,4,Setter C,Closer A
L-12955,2025-02-05 00:00:00,Meta,2-5 agents,6,Setter C,Closer B
L-12956,2025-06-07 00:00:00,TikTok,Solo,3,Setter C,Closer A
L-12957,2025-06-19 00:00:00,Google Search,2-5 agents,5,Setter B,Closer C
L-12958,2025-04-13 00:00:00,Meta,16+ agents,6,Setter B,Closer A
L-12959,2025-04-04 00:00:00,Google Search,Solo,4,Setter C,Closer D
L-12960,2025-06-21 00:00:00,TikTok,2-5 agents,3,Setter C,Closer A
L-12961,2025-02-19 00:00:00,LinkedIn,6-15 agents,9,Setter C,Closer D
L-12962,2025-05-29 00:00:00,Google Search,16+ agents,6,Setter B,Closer C
L-12963,2025-05-07 00:00:00,LinkedIn,2-5 agents,7,Setter B,Closer D
L-12964,2025-06-23 00:00:00,TikTok,6-15 agents,2,Setter B,Closer D
L-12965,2025-03-04 00:00:00,Cold Outreach,6-15 agents,5,Setter A,Closer A
L-12966,2025-05-09 00:00:00,Cold Outreach,Solo,3,Setter B,Closer A
L-12967,2025-06-11 00:00:00,Meta,16+ agents,4,Setter C,Closer D
L-12968,2025-05-12 00:00:00,Meta,6-15 agents,8,Setter C,Closer D
L-12969,2025-03-07 00:00:00,Referral,6-15 agents,9,Setter A,Closer B
L-12970,2025-06-11 00:00:00,Google Search,2-5 agents,8,Setter B,Closer C
L-12971,2025-05-14 00:00:00,Google Search,2-5 agents,8,Setter B,Closer C
L-12972,2025-06-10 00:00:00,LinkedIn,Solo,7,Setter B,Closer A
L-12973,2025-03-09 00:00:00,TikTok,6-15 agents,1,Setter A,Closer B
L-12974,2025-04-22 00:00:00,Google Search,6-15 agents,6,Setter C,Closer B
L-12975,2025-01-28 00:00:00,Meta,2-5 agents,4,Setter B,Closer B
L-12976,2025-05-24 00:00:00,Referral,Solo,8,Setter A,Closer B
L-12977,2025-06-23 00:00:00,TikTok,6-15 agents,4,Setter A,Closer C
L-12978,2025-06-28 00:00:00,Meta,6-15 agents,7,Setter B,Closer D
L-12979,2025-05-21 00:00:00,Meta,16+ agents,7,Setter C,Closer C
L-12980,2025-04-05 00:00:00,TikTok,Solo,5,Setter B,Closer B
L-12981,2025-06-25 00:00:00,Meta,Solo,5,Setter C,Closer A
L-12982,2025-03-23 00:00:00,TikTok,2-5 agents,2,Setter A,Closer C
L-12983,2025-06-21 00:00:00,Meta,2-5 agents,4,Setter B,Closer A
L-12984,2025-02-23 00:00:00,Meta,Solo,3,Setter A,Closer A
L-12985,2025-06-01 00:00:00,Cold Outreach,Solo,8,Setter A,Closer B
L-12986,2025-06-22 00:00:00,Google Search,2-5 agents,6,Setter B,Closer D
L-12987,2025-05-18 00:00:00,LinkedIn,16+ agents,10,Setter B,Closer D
L-12988,2025-01-23 00:00:00,Meta,6-15 agents,4,Setter B,Closer A
L-12989,2025-05-15 00:00:00,Google Search,2-5 agents,5,Setter B,Closer D
L-12990,2025-05-25 00:00:00,Cold Outreach,6-15 agents,3,Setter A,Closer C
L-12991,2025-06-26 00:00:00,Google Search,6-15 agents,5,Setter B,Closer B
L-12992,2025-02-14 00:00:00,LinkedIn,2-5 agents,9,Setter C,Closer B
L-12993,2025-03-25 00:00:00,LinkedIn,2-5 agents,8,Setter A,Closer A
L-12994,2025-04-18 00:00:00,Meta,16+ agents,6,Setter A,Closer D
L-12995,2025-03-09 00:00:00,TikTok,2-5 agents,3,Setter C,Closer B
L-12996,2025-06-21 00:00:00,Meta,16+ agents,4,Setter C,Closer A
L-12997,2025-06-11 00:00:00,Meta,16+ agents,4,Setter C,Closer C
L-12998,2025-05-20 00:00:00,Meta,16+ agents,5,Setter C,Closer D
L-12999,2025-05-20 00:00:00,Meta,6-15 agents,8,Setter A,Closer A
